
Standby_Mode.elf:     file format elf32-littleriscv
Standby_Mode.elf
architecture: riscv:rv32, flags 0x00000112:
EXEC_P, HAS_SYMS, D_PAGED
start address 0x00000000

Program Header:
    LOAD off    0x00001000 vaddr 0x00000000 paddr 0x00000000 align 2**12
         filesz 0x000000a0 memsz 0x000000a0 flags r-x
    LOAD off    0x00002000 vaddr 0x20000000 paddr 0x000000a0 align 2**12
         filesz 0x0000000c memsz 0x0000000c flags r-x
    LOAD off    0x000020ac vaddr 0x000000ac paddr 0x000000ac align 2**12
         filesz 0x0000299c memsz 0x0000299c flags rwx
    LOAD off    0x0000500c vaddr 0x2000000c paddr 0x00002a48 align 2**12
         filesz 0x0000003c memsz 0x000000dc flags rw-
    LOAD off    0x00005700 vaddr 0x20000700 paddr 0x20000700 align 2**12
         filesz 0x00000000 memsz 0x00000100 flags rw-

Sections:
Idx Name          Size      VMA       LMA       File off  Algn
  0 .init         000000a0  00000000  00000000  00001000  2**2
                  CONTENTS, ALLOC, LOAD, READONLY, CODE
  1 .highcodelalign 00000000  000000a0  000000a0  00005048  2**0
                  CONTENTS
  2 .highcode     0000000c  20000000  000000a0  00002000  2**1
                  CONTENTS, ALLOC, LOAD, READONLY, CODE
  3 .text         00002994  000000ac  000000ac  000020ac  2**2
                  CONTENTS, ALLOC, LOAD, READONLY, CODE
  4 .fini         00000000  00002a40  00002a40  00005048  2**0
                  CONTENTS, ALLOC, LOAD, CODE
  5 .init_array   00000008  00002a40  00002a40  00004a40  2**2
                  CONTENTS, ALLOC, LOAD, DATA
  6 .dalign       00000000  2000000c  2000000c  00005048  2**0
                  CONTENTS
  7 .dlalign      00000000  00002a48  00002a48  00005048  2**0
                  CONTENTS
  8 .data         0000003c  2000000c  00002a48  0000500c  2**2
                  CONTENTS, ALLOC, LOAD, DATA
  9 .bss          000000a0  20000048  00002a84  00005048  2**3
                  ALLOC
 10 .stack        00000100  20000700  20000700  00005700  2**0
                  ALLOC
 11 .debug_info   00016dcb  00000000  00000000  00005048  2**0
                  CONTENTS, READONLY, DEBUGGING
 12 .debug_abbrev 00003e3c  00000000  00000000  0001be13  2**0
                  CONTENTS, READONLY, DEBUGGING
 13 .debug_loc    000057f6  00000000  00000000  0001fc4f  2**0
                  CONTENTS, READONLY, DEBUGGING
 14 .debug_aranges 00000c40  00000000  00000000  00025448  2**3
                  CONTENTS, READONLY, DEBUGGING
 15 .debug_ranges 00000dc8  00000000  00000000  00026088  2**3
                  CONTENTS, READONLY, DEBUGGING
 16 .debug_line   0000fa85  00000000  00000000  00026e50  2**0
                  CONTENTS, READONLY, DEBUGGING
 17 .debug_str    00003f51  00000000  00000000  000368d5  2**0
                  CONTENTS, READONLY, DEBUGGING
 18 .comment      00000033  00000000  00000000  0003a826  2**0
                  CONTENTS, READONLY
 19 .debug_frame  0000185c  00000000  00000000  0003a85c  2**2
                  CONTENTS, READONLY, DEBUGGING
SYMBOL TABLE:
00000000 l    d  .init	00000000 .init
000000a0 l    d  .highcodelalign	00000000 .highcodelalign
20000000 l    d  .highcode	00000000 .highcode
000000ac l    d  .text	00000000 .text
00002a40 l    d  .fini	00000000 .fini
00002a40 l    d  .init_array	00000000 .init_array
2000000c l    d  .dalign	00000000 .dalign
00002a48 l    d  .dlalign	00000000 .dlalign
2000000c l    d  .data	00000000 .data
20000048 l    d  .bss	00000000 .bss
20000700 l    d  .stack	00000000 .stack
00000000 l    d  .debug_info	00000000 .debug_info
00000000 l    d  .debug_abbrev	00000000 .debug_abbrev
00000000 l    d  .debug_loc	00000000 .debug_loc
00000000 l    d  .debug_aranges	00000000 .debug_aranges
00000000 l    d  .debug_ranges	00000000 .debug_ranges
00000000 l    d  .debug_line	00000000 .debug_line
00000000 l    d  .debug_str	00000000 .debug_str
00000000 l    d  .comment	00000000 .comment
00000000 l    d  .debug_frame	00000000 .debug_frame
00000000 l    df *ABS*	00000000 core_riscv.c
00000000 l    df *ABS*	00000000 buzzer.c
000001fe l     F .text	0000001a tone1.part.0
000001fe l     F .text	0000001a tone1_vol.part.1
00000000 l    df *ABS*	00000000 ch32v00x_it.c
00000000 l    df *ABS*	00000000 init.c
00000000 l    df *ABS*	00000000 main.cpp
00000cb0 l     F .text	00000088 _GLOBAL__sub_I_b
20000050 l     O .bss	00000001 ADC_Read_Single(unsigned char, unsigned short*)::adcConversionStarted
20000052 l     O .bss	00000002 main::lastADCValue
00000000 l    df *ABS*	00000000 motor.cpp
00000d38 l     F .text	0000004a Pwm::disable() [clone .isra.2] [clone .part.3]
000010da l     F .text	00000014 _GLOBAL__sub_I_motorPwm
200000c4 l     O .bss	00000004 motor_state
200000c8 l     O .bss	00000008 boost_start_time
200000d0 l     O .bss	00000004 motor_cmd
00000000 l    df *ABS*	00000000 screens.cpp
200000dc l     O .bss	00000004 ScreenNormal::step
00000000 l    df *ABS*	00000000 system_ch32v00x.c
00000000 l    df *ABS*	00000000 ch32v00x_adc.c
00000000 l    df *ABS*	00000000 ch32v00x_exti.c
00000000 l    df *ABS*	00000000 ch32v00x_flash.c
00000000 l    df *ABS*	00000000 ch32v00x_gpio.c
00000000 l    df *ABS*	00000000 ch32v00x_misc.c
00000000 l    df *ABS*	00000000 ch32v00x_pwr.c
00000000 l    df *ABS*	00000000 ch32v00x_rcc.c
20000020 l     O .data	00000014 ADCPrescTable
20000034 l     O .data	00000010 APBAHBPrescTable
00000000 l    df *ABS*	00000000 ch32v00x_tim.c
00000000 l    df *ABS*	00000000 ch32v00x_usart.c
00000000 l    df *ABS*	00000000 debug.c
200000e4 l     O .bss	00000002 p_ms
200000e6 l     O .bss	00000001 p_us
00000000 l    df *ABS*	00000000 wchprintf.c
000023e2  w    F .text	00000004 printDouble
00001aec g     F .text	000000f4 PWR_EnterSTANDBYMode
00000704 g     F .text	00000038 EXTI_INT_INIT()
0000187a g     F .text	0000001a FLASH_Unlock
00001e4a g     F .text	00000004 TIM_SetCompare2
00000f08 g     F .text	00000008 Motor_Stop
000023e6  w    F .text	00000360 print
00002746  w    F .text	00000024 printf
20000848 g       .data	00000000 __global_pointer$
000020da  w      .text	00000000 TIM1_CC_IRQHandler
00000496 g     F .text	00000020 HardFault_Handler
20000058 g     O .bss	00000018 b
000022c4  w    F .text	0000011a printInt
00001492 g     F .text	000000c4 ScreenBoostEnable
000004b6 g     F .text	00000026 SysTick_Handler
0000171a g     F .text	0000000a ADC_StartCalibration
000010bc g     F .text	0000001e Motor_SetPower(unsigned char)
000020da  w      .text	00000000 PVD_IRQHandler
20000094 g     O .bss	00000010 eeprom_boostTime
00000422 g     F .text	00000040 beep_Decrement_Min
00000484 g     F .text	00000012 NMI_Handler
00000d82  w    F .text	00000048 Pwm::setDutyPercent(unsigned char)
20000070 g     O .bss	00000002 comandMotorOff
000018da g     F .text	00000034 FLASH_ProgramHalfWord
00000462 g     F .text	00000022 beep_Save
00001f3a g     F .text	0000000a USART_GetFlagStatus
00001108  w    F .text	000000b0 uEeprom::save()
20000048 g       .bss	00000000 _sbss
00000100 g       *ABS*	00000000 __stack_size
00001806 g     F .text	0000000a ADC_GetFlagStatus
200000d4 g     O .bss	00000006 motorPwm
00002024 g     F .text	00000066 USART_Printf_Init
000000b6 g     F .text	0000000a .hidden __riscv_restore_2
00001dfe g     F .text	00000016 TIM_CtrlPWMOutputs
000016f8 g     F .text	00000010 ADC_Cmd
00001a00 g     F .text	000000c4 GPIO_PinRemapConfig
000023de  w    F .text	00000004 printLongLongInt
00001de6 g     F .text	00000018 TIM_Cmd
0000276a g     F .text	0000004a puts
2000001c g     O .data	00000004 SystemCoreClock
200000c0 g     O .bss	00000004 screen
000000e0 g     F .text	0000002c .hidden __udivsi3
000000a0 g       .init	00000000 _einit
0000190e g     F .text	0000001e FLASH_Unlock_Fast
00001ca8 g     F .text	0000001e RCC_APB2PeriphClockCmd
00000338 g     F .text	0000001a buzzer_ok
00001970 g     F .text	0000007c GPIO_Init
00001bf2 g     F .text	00000014 RCC_ADCCLKConfig
00000622  w    F .text	000000b8 uEeprom::init(unsigned short, unsigned short, unsigned short, unsigned short, char const*)
200000e0 g     O .bss	00000004 NVIC_Priority_Group
000020da  w      .text	00000000 SPI1_IRQHandler
00001708 g     F .text	0000000a ADC_ResetCalibration
00001f1c g     F .text	00000016 USART_Cmd
00000e10 g     F .text	000000f8 Motor_Init()
000000ac g     F .text	0000000a .hidden __riscv_save_1
000000b6 g     F .text	0000000a .hidden __riscv_restore_0
000020da  w      .text	00000000 AWU_IRQHandler
000020da  w      .text	00000000 EXTI7_0_IRQHandler
000011b8 g     F .text	00000040 beep(int)
000011f8 g     F .text	0000013a ScreenNormal
00000242 g     F .text	00000064 tone1
00001cc6 g     F .text	0000001e RCC_APB1PeriphClockCmd
20000700 g       .stack	00000000 _heap_end
000020da  w      .text	00000000 DMA1_Channel4_IRQHandler
00001744 g     F .text	000000ba ADC_RegularChannelConfig
000020da  w      .text	00000000 ADC1_IRQHandler
000017fe g     F .text	00000008 ADC_GetConversionValue
200000b4 g     O .bss	00000004 motor_volume
00001894 g     F .text	0000000e FLASH_Lock
00000352 g     F .text	00000010 buzzer_warning
00001724 g     F .text	00000008 ADC_GetCalibrationStatus
200000e8 g       .bss	00000000 _ebss
000020da  w      .text	00000000 DMA1_Channel7_IRQHandler
0000172c g     F .text	00000018 ADC_SoftwareStartConvCmd
00001712 g     F .text	00000008 ADC_GetResetCalibrationStatus
000002a6 g     F .text	00000092 tone1_vol
00001fb6 g     F .text	00000034 Delay_Init
0000039a g     F .text	00000024 buzzer_startup
00000f24 g     F .text	0000000a Motor_isStop
00001e1a g     F .text	0000001a TIM_ARRPreloadConfig
000019f6 g     F .text	0000000a GPIO_WriteBit
0000010c g     F .text	00000008 .hidden __umodsi3
00000dca  w    F .text	00000046 Pwm::setFrequency(unsigned long, unsigned long)
000020da  w      .text	00000000 I2C1_EV_IRQHandler
00000372 g     F .text	0000001a buzzer_beepboop
000007d6 g     F .text	000000ae gotoDeepSleep
00001c06 g     F .text	000000a2 RCC_GetClocksFreq
00001332 g     F .text	00000160 uniScreen(uEeprom*, char*, unsigned char)
000020da  w      .text	00000000 DMA1_Channel6_IRQHandler
00001e4e g     F .text	000000ce USART_Init
000020da  w      .text	00000000 RCC_IRQHandler
0000073c g     F .text	0000009a userEEPROM()
000020da  w      .text	00000000 TIM1_TRG_COM_IRQHandler
000020da  w      .text	00000000 DMA1_Channel1_IRQHandler
00000000 g       .init	00000000 _start
2000000c g     O .data	00000010 AHBPrescTable
20000074 g     O .bss	00000010 eeprom_boostEnable
000018ba g     F .text	00000020 FLASH_WaitForLastOperation
00001e34 g     F .text	00000016 TIM_OC2PreloadConfig
000021d6  w    F .text	000000ee prints
00001d50 g     F .text	00000096 TIM_OC2Init
20000000 g       .highcode	00000000 _highcode_vma_start
00001810 g     F .text	0000006a EXTI_Init
000000c0 g     F .text	00000014 .hidden __mulsi3
00001e14 g     F .text	00000006 TIM_PrescalerConfig
20000000 g     F .highcode	0000000a WFE
00000f10 g     F .text	00000014 Motor_Toggle
0000193a g     F .text	00000036 FLASH_ErasePage_Fast
2000000c g       .dalign	00000000 _data_vma
000004dc g     F .text	00000146 init
000010ee  w    F .text	0000001a uEeprom::set(unsigned short)
00001ac4 g     F .text	00000022 GPIO_EXTILineConfig
00000156 g     F .text	000000a8 memset
00001be0 g     F .text	00000012 RCC_AdjustHSICalibrationValue
000008f0 g     F .text	000003c0 main
00000218 g     F .text	0000002a delayUsTone
000020da  w      .text	00000000 DMA1_Channel5_IRQHandler
00001fea g     F .text	0000003a Delay_Ms
000000d8 g     F .text	00000058 .hidden __divsi3
00001570 g     F .text	0000001c ScreenBoostTime
000000a0 g       .highcodelalign	00000000 _highcode_lma
0000158c g     F .text	0000008c SystemInit
00001f44 g     F .text	00000072 delay
0000218c  w    F .text	0000004a printchar
00000884 g     F .text	0000001a ADC_SelectChannel(unsigned char)
00000000 g       .init	00000000 _sinit
00000362 g     F .text	00000010 buzzer_click
000020da  w      .text	00000000 DMA1_Channel3_IRQHandler
000020da  w      .text	00000000 TIM1_UP_IRQHandler
00000f2e g     F .text	0000018e Motor_Tick
000020da  w      .text	00000000 WWDG_IRQHandler
00001556 g     F .text	0000001a ScreenBoostPower
200000b8 g     O .bss	00000006 pwm
000020da  w      .text	00000000 TIM2_IRQHandler
20000800 g       .stack	00000000 _eusrstack
20000048 g     O .bss	00000008 millisec
000000ac g     F .text	0000000a .hidden __riscv_save_2
000020da  w      .text	00000000 SW_Handler
00001684 g     F .text	00000026 ADC_DeInit
0000192c g     F .text	0000000e FLASH_Lock_Fast
000020da  w      .text	00000000 TIM1_BRK_IRQHandler
000016aa g     F .text	0000004e ADC_Init
00001f32 g     F .text	00000008 USART_SendData
200000a4 g     O .bss	00000010 eeprom_power
0000208a g     F .text	00000050 _write
20000048 g       .data	00000000 _edata
200000e8 g       .bss	00000000 _end
20000084 g     O .bss	00000010 eeprom_boostPower
2000000c g       .highcode	00000000 _highcode_vma_end
00001d02 g     F .text	0000004e TIM_TimeBaseInit
00002a48 g       .dlalign	00000000 _data_lma
0000089e g     F .text	00000052 ADC_Read_Single(unsigned char, unsigned short*)
00001618 g     F .text	0000006c SystemCoreClockUpdate
000003be g     F .text	00000024 buzzer_shutdown
00000130 g     F .text	00000024 .hidden __modsi3
000020da  w      .text	00000000 DMA1_Channel2_IRQHandler
000006da g     F .text	0000002a map(long, long, long, long, long)
0000038c g     F .text	0000000e buzzer_ios_click
000020dc  w      .text	00000000 handle_reset
000020da  w      .text	00000000 FLASH_IRQHandler
000000ac g     F .text	0000000a .hidden __riscv_save_0
000020da  w      .text	00000000 USART1_IRQHandler
00001ce4 g     F .text	0000001e RCC_APB2PeriphResetCmd
000020da  w      .text	00000000 I2C1_ER_IRQHandler
00001ae6 g     F .text	00000006 NVIC_PriorityGroupConfig
000000b6 g     F .text	0000000a .hidden __riscv_restore_1
000019ec g     F .text	0000000a GPIO_ReadInputDataBit
000018a2 g     F .text	00000018 FLASH_GetBank1Status
000003e2 g     F .text	00000040 beep_Increment_Max



Disassembly of section .init:

00000000 <_sinit>:
   0:	0dc0206f          	j	20dc <handle_reset>
   4:	0000                	unimp
   6:	0000                	unimp
   8:	0484                	addi	s1,sp,576
   a:	0000                	unimp
   c:	0496                	slli	s1,s1,0x5
	...
  2e:	0000                	unimp
  30:	04b6                	slli	s1,s1,0xd
  32:	0000                	unimp
  34:	0000                	unimp
  36:	0000                	unimp
  38:	20da                	lhu	a4,4(s1)
  3a:	0000                	unimp
  3c:	0000                	unimp
  3e:	0000                	unimp
  40:	20da                	lhu	a4,4(s1)
  42:	0000                	unimp
  44:	20da                	lhu	a4,4(s1)
  46:	0000                	unimp
  48:	20da                	lhu	a4,4(s1)
  4a:	0000                	unimp
  4c:	20da                	lhu	a4,4(s1)
  4e:	0000                	unimp
  50:	20da                	lhu	a4,4(s1)
  52:	0000                	unimp
  54:	20da                	lhu	a4,4(s1)
  56:	0000                	unimp
  58:	20da                	lhu	a4,4(s1)
  5a:	0000                	unimp
  5c:	20da                	lhu	a4,4(s1)
  5e:	0000                	unimp
  60:	20da                	lhu	a4,4(s1)
  62:	0000                	unimp
  64:	20da                	lhu	a4,4(s1)
  66:	0000                	unimp
  68:	20da                	lhu	a4,4(s1)
  6a:	0000                	unimp
  6c:	20da                	lhu	a4,4(s1)
  6e:	0000                	unimp
  70:	20da                	lhu	a4,4(s1)
  72:	0000                	unimp
  74:	20da                	lhu	a4,4(s1)
  76:	0000                	unimp
  78:	20da                	lhu	a4,4(s1)
  7a:	0000                	unimp
  7c:	20da                	lhu	a4,4(s1)
  7e:	0000                	unimp
  80:	20da                	lhu	a4,4(s1)
  82:	0000                	unimp
  84:	20da                	lhu	a4,4(s1)
  86:	0000                	unimp
  88:	20da                	lhu	a4,4(s1)
  8a:	0000                	unimp
  8c:	20da                	lhu	a4,4(s1)
  8e:	0000                	unimp
  90:	20da                	lhu	a4,4(s1)
  92:	0000                	unimp
  94:	20da                	lhu	a4,4(s1)
  96:	0000                	unimp
  98:	20da                	lhu	a4,4(s1)
  9a:	0000                	unimp
  9c:	0000                	unimp
	...

Disassembly of section .highcode:

20000000 <WFE>:
20000000:	10500073          	wfi
20000004:	157d                	addi	a0,a0,-1
20000006:	fd7d                	bnez	a0,20000004 <WFE+0x4>
20000008:	8082                	ret
	...

Disassembly of section .text:

000000ac <__riscv_save_0>:
      ac:	1151                	addi	sp,sp,-12
      ae:	c026                	sw	s1,0(sp)
      b0:	c222                	sw	s0,4(sp)
      b2:	c406                	sw	ra,8(sp)
      b4:	8282                	jr	t0

000000b6 <__riscv_restore_0>:
      b6:	4482                	lw	s1,0(sp)
      b8:	4412                	lw	s0,4(sp)
      ba:	40a2                	lw	ra,8(sp)
      bc:	0131                	addi	sp,sp,12
      be:	8082                	ret

000000c0 <__mulsi3>:
      c0:	862a                	mv	a2,a0
      c2:	4501                	li	a0,0
      c4:	0015f693          	andi	a3,a1,1
      c8:	c291                	beqz	a3,cc <__mulsi3+0xc>
      ca:	9532                	add	a0,a0,a2
      cc:	8185                	srli	a1,a1,0x1
      ce:	0606                	slli	a2,a2,0x1
      d0:	f9f5                	bnez	a1,c4 <__mulsi3+0x4>
      d2:	8082                	ret
      d4:	0000                	unimp
	...

000000d8 <__divsi3>:
      d8:	02054e63          	bltz	a0,114 <__umodsi3+0x8>
      dc:	0405c363          	bltz	a1,122 <__umodsi3+0x16>

000000e0 <__udivsi3>:
      e0:	862e                	mv	a2,a1
      e2:	85aa                	mv	a1,a0
      e4:	557d                	li	a0,-1
      e6:	c215                	beqz	a2,10a <__stack_size+0xa>
      e8:	4685                	li	a3,1
      ea:	00b67863          	bgeu	a2,a1,fa <__udivsi3+0x1a>
      ee:	00c05663          	blez	a2,fa <__udivsi3+0x1a>
      f2:	0606                	slli	a2,a2,0x1
      f4:	0686                	slli	a3,a3,0x1
      f6:	feb66ce3          	bltu	a2,a1,ee <__udivsi3+0xe>
      fa:	4501                	li	a0,0
      fc:	00c5e463          	bltu	a1,a2,104 <__stack_size+0x4>
     100:	8d91                	sub	a1,a1,a2
     102:	8d55                	or	a0,a0,a3
     104:	8285                	srli	a3,a3,0x1
     106:	8205                	srli	a2,a2,0x1
     108:	faf5                	bnez	a3,fc <__udivsi3+0x1c>
     10a:	8082                	ret

0000010c <__umodsi3>:
     10c:	8286                	mv	t0,ra
     10e:	3fc9                	jal	e0 <__udivsi3>
     110:	852e                	mv	a0,a1
     112:	8282                	jr	t0
     114:	40a00533          	neg	a0,a0
     118:	0005d763          	bgez	a1,126 <__umodsi3+0x1a>
     11c:	40b005b3          	neg	a1,a1
     120:	b7c1                	j	e0 <__udivsi3>
     122:	40b005b3          	neg	a1,a1
     126:	8286                	mv	t0,ra
     128:	3f65                	jal	e0 <__udivsi3>
     12a:	40a00533          	neg	a0,a0
     12e:	8282                	jr	t0

00000130 <__modsi3>:
     130:	8286                	mv	t0,ra
     132:	0005c763          	bltz	a1,140 <__modsi3+0x10>
     136:	00054963          	bltz	a0,148 <__modsi3+0x18>
     13a:	375d                	jal	e0 <__udivsi3>
     13c:	852e                	mv	a0,a1
     13e:	8282                	jr	t0
     140:	40b005b3          	neg	a1,a1
     144:	fe055be3          	bgez	a0,13a <__modsi3+0xa>
     148:	40a00533          	neg	a0,a0
     14c:	3f51                	jal	e0 <__udivsi3>
     14e:	40b00533          	neg	a0,a1
     152:	8282                	jr	t0
	...

00000156 <memset>:
     156:	433d                	li	t1,15
     158:	872a                	mv	a4,a0
     15a:	02c37363          	bgeu	t1,a2,180 <memset+0x2a>
     15e:	00f77793          	andi	a5,a4,15
     162:	efbd                	bnez	a5,1e0 <memset+0x8a>
     164:	e5ad                	bnez	a1,1ce <memset+0x78>
     166:	ff067693          	andi	a3,a2,-16
     16a:	8a3d                	andi	a2,a2,15
     16c:	96ba                	add	a3,a3,a4
     16e:	c30c                	sw	a1,0(a4)
     170:	c34c                	sw	a1,4(a4)
     172:	c70c                	sw	a1,8(a4)
     174:	c74c                	sw	a1,12(a4)
     176:	0741                	addi	a4,a4,16
     178:	fed76be3          	bltu	a4,a3,16e <memset+0x18>
     17c:	e211                	bnez	a2,180 <memset+0x2a>
     17e:	8082                	ret
     180:	40c306b3          	sub	a3,t1,a2
     184:	068a                	slli	a3,a3,0x2
     186:	00000297          	auipc	t0,0x0
     18a:	9696                	add	a3,a3,t0
     18c:	00a68067          	jr	10(a3)
     190:	00b70723          	sb	a1,14(a4)
     194:	00b706a3          	sb	a1,13(a4)
     198:	00b70623          	sb	a1,12(a4)
     19c:	00b705a3          	sb	a1,11(a4)
     1a0:	00b70523          	sb	a1,10(a4)
     1a4:	00b704a3          	sb	a1,9(a4)
     1a8:	00b70423          	sb	a1,8(a4)
     1ac:	00b703a3          	sb	a1,7(a4)
     1b0:	00b70323          	sb	a1,6(a4)
     1b4:	00b702a3          	sb	a1,5(a4)
     1b8:	00b70223          	sb	a1,4(a4)
     1bc:	00b701a3          	sb	a1,3(a4)
     1c0:	00b70123          	sb	a1,2(a4)
     1c4:	00b700a3          	sb	a1,1(a4)
     1c8:	00b70023          	sb	a1,0(a4)
     1cc:	8082                	ret
     1ce:	0ff5f593          	andi	a1,a1,255
     1d2:	00859693          	slli	a3,a1,0x8
     1d6:	8dd5                	or	a1,a1,a3
     1d8:	01059693          	slli	a3,a1,0x10
     1dc:	8dd5                	or	a1,a1,a3
     1de:	b761                	j	166 <memset+0x10>
     1e0:	00279693          	slli	a3,a5,0x2
     1e4:	00000297          	auipc	t0,0x0
     1e8:	9696                	add	a3,a3,t0
     1ea:	8286                	mv	t0,ra
     1ec:	fa8680e7          	jalr	-88(a3)
     1f0:	8096                	mv	ra,t0
     1f2:	17c1                	addi	a5,a5,-16
     1f4:	8f1d                	sub	a4,a4,a5
     1f6:	963e                	add	a2,a2,a5
     1f8:	f8c374e3          	bgeu	t1,a2,180 <memset+0x2a>
     1fc:	b7a5                	j	164 <memset+0xe>

000001fe <tone1.part.0>:
     1fe:	eafff2ef          	jal	t0,ac <__riscv_save_0>
     202:	842a                	mv	s0,a0
     204:	4601                	li	a2,0
     206:	4589                	li	a1,2
     208:	40011537          	lui	a0,0x40011
     20c:	7ea010ef          	jal	ra,19f6 <GPIO_WriteBit>
     210:	8522                	mv	a0,s0
     212:	533010ef          	jal	ra,1f44 <delay>
     216:	b545                	j	b6 <__riscv_restore_0>

00000218 <delayUsTone>:
     218:	e000f7b7          	lui	a5,0xe000f
     21c:	43d8                	lw	a4,4(a5)
     21e:	9b79                	andi	a4,a4,-2
     220:	c3d8                	sw	a4,4(a5)
     222:	00989737          	lui	a4,0x989
     226:	67f70713          	addi	a4,a4,1663 # 98967f <_data_lma+0x986c37>
     22a:	cb98                	sw	a4,16(a5)
     22c:	0007a423          	sw	zero,8(a5) # e000f008 <__global_pointer$+0xc000e7c0>
     230:	4798                	lw	a4,8(a5)
     232:	fee57fe3          	bgeu	a0,a4,230 <delayUsTone+0x18>
     236:	0007a423          	sw	zero,8(a5)
     23a:	3e700713          	li	a4,999
     23e:	cb98                	sw	a4,16(a5)
     240:	8082                	ret

00000242 <tone1>:
     242:	e6bff2ef          	jal	t0,ac <__riscv_save_0>
     246:	1171                	addi	sp,sp,-4
     248:	84ae                	mv	s1,a1
     24a:	e509                	bnez	a0,254 <tone1+0x12>
     24c:	852e                	mv	a0,a1
     24e:	3f45                	jal	1fe <tone1.part.0>
     250:	0111                	addi	sp,sp,4
     252:	b595                	j	b6 <__riscv_restore_0>
     254:	85aa                	mv	a1,a0
     256:	000f4537          	lui	a0,0xf4
     25a:	24050513          	addi	a0,a0,576 # f4240 <_data_lma+0xf17f8>
     25e:	3549                	jal	e0 <__udivsi3>
     260:	00549793          	slli	a5,s1,0x5
     264:	8f85                	sub	a5,a5,s1
     266:	078a                	slli	a5,a5,0x2
     268:	97a6                	add	a5,a5,s1
     26a:	85aa                	mv	a1,a0
     26c:	00155413          	srli	s0,a0,0x1
     270:	00379513          	slli	a0,a5,0x3
     274:	35b5                	jal	e0 <__udivsi3>
     276:	87aa                	mv	a5,a0
     278:	4481                	li	s1,0
     27a:	fcf48be3          	beq	s1,a5,250 <tone1+0xe>
     27e:	4605                	li	a2,1
     280:	4589                	li	a1,2
     282:	40011537          	lui	a0,0x40011
     286:	c03e                	sw	a5,0(sp)
     288:	76e010ef          	jal	ra,19f6 <GPIO_WriteBit>
     28c:	8522                	mv	a0,s0
     28e:	3769                	jal	218 <delayUsTone>
     290:	4601                	li	a2,0
     292:	4589                	li	a1,2
     294:	40011537          	lui	a0,0x40011
     298:	75e010ef          	jal	ra,19f6 <GPIO_WriteBit>
     29c:	8522                	mv	a0,s0
     29e:	3fad                	jal	218 <delayUsTone>
     2a0:	0485                	addi	s1,s1,1
     2a2:	4782                	lw	a5,0(sp)
     2a4:	bfd9                	j	27a <tone1+0x38>

000002a6 <tone1_vol>:
     2a6:	e07ff2ef          	jal	t0,ac <__riscv_save_0>
     2aa:	1151                	addi	sp,sp,-12
     2ac:	842e                	mv	s0,a1
     2ae:	c111                	beqz	a0,2b2 <tone1_vol+0xc>
     2b0:	e609                	bnez	a2,2ba <tone1_vol+0x14>
     2b2:	8522                	mv	a0,s0
     2b4:	37a9                	jal	1fe <tone1.part.0>
     2b6:	0131                	addi	sp,sp,12
     2b8:	bbfd                	j	b6 <__riscv_restore_0>
     2ba:	85aa                	mv	a1,a0
     2bc:	000f4537          	lui	a0,0xf4
     2c0:	24050513          	addi	a0,a0,576 # f4240 <_data_lma+0xf17f8>
     2c4:	c232                	sw	a2,4(sp)
     2c6:	3d29                	jal	e0 <__udivsi3>
     2c8:	00541793          	slli	a5,s0,0x5
     2cc:	8f81                	sub	a5,a5,s0
     2ce:	078a                	slli	a5,a5,0x2
     2d0:	97a2                	add	a5,a5,s0
     2d2:	85aa                	mv	a1,a0
     2d4:	00155493          	srli	s1,a0,0x1
     2d8:	00379513          	slli	a0,a5,0x3
     2dc:	3511                	jal	e0 <__udivsi3>
     2de:	4612                	lw	a2,4(sp)
     2e0:	c02a                	sw	a0,0(sp)
     2e2:	06400793          	li	a5,100
     2e6:	0ff67513          	andi	a0,a2,255
     2ea:	00c7f463          	bgeu	a5,a2,2f2 <tone1_vol+0x4c>
     2ee:	06400513          	li	a0,100
     2f2:	85a6                	mv	a1,s1
     2f4:	33f1                	jal	c0 <__mulsi3>
     2f6:	06400593          	li	a1,100
     2fa:	33dd                	jal	e0 <__udivsi3>
     2fc:	40a487b3          	sub	a5,s1,a0
     300:	c23e                	sw	a5,4(sp)
     302:	842a                	mv	s0,a0
     304:	4781                	li	a5,0
     306:	4702                	lw	a4,0(sp)
     308:	fae787e3          	beq	a5,a4,2b6 <tone1_vol+0x10>
     30c:	4605                	li	a2,1
     30e:	4589                	li	a1,2
     310:	40011537          	lui	a0,0x40011
     314:	c43e                	sw	a5,8(sp)
     316:	6e0010ef          	jal	ra,19f6 <GPIO_WriteBit>
     31a:	8522                	mv	a0,s0
     31c:	3df5                	jal	218 <delayUsTone>
     31e:	4601                	li	a2,0
     320:	4589                	li	a1,2
     322:	40011537          	lui	a0,0x40011
     326:	6d0010ef          	jal	ra,19f6 <GPIO_WriteBit>
     32a:	4512                	lw	a0,4(sp)
     32c:	35f5                	jal	218 <delayUsTone>
     32e:	8526                	mv	a0,s1
     330:	35e5                	jal	218 <delayUsTone>
     332:	47a2                	lw	a5,8(sp)
     334:	0785                	addi	a5,a5,1
     336:	bfc1                	j	306 <tone1_vol+0x60>

00000338 <buzzer_ok>:
     338:	d75ff2ef          	jal	t0,ac <__riscv_save_0>
     33c:	05000593          	li	a1,80
     340:	3e800513          	li	a0,1000
     344:	3dfd                	jal	242 <tone1>
     346:	05000593          	li	a1,80
     34a:	5dc00513          	li	a0,1500
     34e:	3dd5                	jal	242 <tone1>
     350:	b39d                	j	b6 <__riscv_restore_0>

00000352 <buzzer_warning>:
     352:	d5bff2ef          	jal	t0,ac <__riscv_save_0>
     356:	09600593          	li	a1,150
     35a:	32000513          	li	a0,800
     35e:	35d5                	jal	242 <tone1>
     360:	bb99                	j	b6 <__riscv_restore_0>

00000362 <buzzer_click>:
     362:	d4bff2ef          	jal	t0,ac <__riscv_save_0>
     366:	02800593          	li	a1,40
     36a:	4b000513          	li	a0,1200
     36e:	3dd1                	jal	242 <tone1>
     370:	b399                	j	b6 <__riscv_restore_0>

00000372 <buzzer_beepboop>:
     372:	d3bff2ef          	jal	t0,ac <__riscv_save_0>
     376:	03c00593          	li	a1,60
     37a:	3e800513          	li	a0,1000
     37e:	35d1                	jal	242 <tone1>
     380:	03c00593          	li	a1,60
     384:	2bc00513          	li	a0,700
     388:	3d6d                	jal	242 <tone1>
     38a:	b335                	j	b6 <__riscv_restore_0>

0000038c <buzzer_ios_click>:
     38c:	d21ff2ef          	jal	t0,ac <__riscv_save_0>
     390:	45e5                	li	a1,25
     392:	70800513          	li	a0,1800
     396:	3575                	jal	242 <tone1>
     398:	bb39                	j	b6 <__riscv_restore_0>

0000039a <buzzer_startup>:
     39a:	d13ff2ef          	jal	t0,ac <__riscv_save_0>
     39e:	07800593          	li	a1,120
     3a2:	32000513          	li	a0,800
     3a6:	3d71                	jal	242 <tone1>
     3a8:	07800593          	li	a1,120
     3ac:	3e800513          	li	a0,1000
     3b0:	3d49                	jal	242 <tone1>
     3b2:	0a000593          	li	a1,160
     3b6:	51400513          	li	a0,1300
     3ba:	3561                	jal	242 <tone1>
     3bc:	b9ed                	j	b6 <__riscv_restore_0>

000003be <buzzer_shutdown>:
     3be:	cefff2ef          	jal	t0,ac <__riscv_save_0>
     3c2:	09600593          	li	a1,150
     3c6:	4b000513          	li	a0,1200
     3ca:	3da5                	jal	242 <tone1>
     3cc:	09600593          	li	a1,150
     3d0:	38400513          	li	a0,900
     3d4:	35bd                	jal	242 <tone1>
     3d6:	0b400593          	li	a1,180
     3da:	25800513          	li	a0,600
     3de:	3595                	jal	242 <tone1>
     3e0:	b9d9                	j	b6 <__riscv_restore_0>

000003e2 <beep_Increment_Max>:
     3e2:	ccbff2ef          	jal	t0,ac <__riscv_save_0>
     3e6:	05a00613          	li	a2,90
     3ea:	05000593          	li	a1,80
     3ee:	5dc00513          	li	a0,1500
     3f2:	3d55                	jal	2a6 <tone1_vol>
     3f4:	02800513          	li	a0,40
     3f8:	34d010ef          	jal	ra,1f44 <delay>
     3fc:	05a00613          	li	a2,90
     400:	05000593          	li	a1,80
     404:	5dc00513          	li	a0,1500
     408:	3d79                	jal	2a6 <tone1_vol>
     40a:	02800513          	li	a0,40
     40e:	337010ef          	jal	ra,1f44 <delay>
     412:	04600613          	li	a2,70
     416:	06400593          	li	a1,100
     41a:	4b000513          	li	a0,1200
     41e:	3561                	jal	2a6 <tone1_vol>
     420:	b959                	j	b6 <__riscv_restore_0>

00000422 <beep_Decrement_Min>:
     422:	c8bff2ef          	jal	t0,ac <__riscv_save_0>
     426:	05a00613          	li	a2,90
     42a:	05000593          	li	a1,80
     42e:	32000513          	li	a0,800
     432:	3d95                	jal	2a6 <tone1_vol>
     434:	02800513          	li	a0,40
     438:	30d010ef          	jal	ra,1f44 <delay>
     43c:	05a00613          	li	a2,90
     440:	05000593          	li	a1,80
     444:	32000513          	li	a0,800
     448:	3db9                	jal	2a6 <tone1_vol>
     44a:	02800513          	li	a0,40
     44e:	2f7010ef          	jal	ra,1f44 <delay>
     452:	04600613          	li	a2,70
     456:	06400593          	li	a1,100
     45a:	3e800513          	li	a0,1000
     45e:	35a1                	jal	2a6 <tone1_vol>
     460:	b999                	j	b6 <__riscv_restore_0>

00000462 <beep_Save>:
     462:	c4bff2ef          	jal	t0,ac <__riscv_save_0>
     466:	04600613          	li	a2,70
     46a:	02800593          	li	a1,40
     46e:	3e800513          	li	a0,1000
     472:	3d15                	jal	2a6 <tone1_vol>
     474:	06400613          	li	a2,100
     478:	05000593          	li	a1,80
     47c:	5dc00513          	li	a0,1500
     480:	351d                	jal	2a6 <tone1_vol>
     482:	b915                	j	b6 <__riscv_restore_0>

00000484 <NMI_Handler>:
     484:	1171                	addi	sp,sp,-4
     486:	c022                	sw	s0,0(sp)
     488:	00002437          	lui	s0,0x2
     48c:	7c840513          	addi	a0,s0,1992 # 27c8 <puts+0x5e>
     490:	2da020ef          	jal	ra,276a <puts>
     494:	bfe5                	j	48c <NMI_Handler+0x8>

00000496 <HardFault_Handler>:
     496:	1171                	addi	sp,sp,-4
     498:	beef07b7          	lui	a5,0xbeef0
     49c:	c022                	sw	s0,0(sp)
     49e:	e000e737          	lui	a4,0xe000e
     4a2:	08078793          	addi	a5,a5,128 # beef0080 <__global_pointer$+0x9eeef838>
     4a6:	c73c                	sw	a5,72(a4)
     4a8:	00002437          	lui	s0,0x2
     4ac:	7b440513          	addi	a0,s0,1972 # 27b4 <puts+0x4a>
     4b0:	2ba020ef          	jal	ra,276a <puts>
     4b4:	bfe5                	j	4ac <HardFault_Handler+0x16>

000004b6 <SysTick_Handler>:
     4b6:	200007b7          	lui	a5,0x20000
     4ba:	04878793          	addi	a5,a5,72 # 20000048 <_edata>
     4be:	4398                	lw	a4,0(a5)
     4c0:	43d0                	lw	a2,4(a5)
     4c2:	00170693          	addi	a3,a4,1 # e000e001 <__global_pointer$+0xc000d7b9>
     4c6:	00e6b733          	sltu	a4,a3,a4
     4ca:	9732                	add	a4,a4,a2
     4cc:	c3d8                	sw	a4,4(a5)
     4ce:	c394                	sw	a3,0(a5)
     4d0:	e000f7b7          	lui	a5,0xe000f
     4d4:	0007a223          	sw	zero,4(a5) # e000f004 <__global_pointer$+0xc000e7bc>
     4d8:	30200073          	mret

000004dc <init>:
     4dc:	bd1ff2ef          	jal	t0,ac <__riscv_save_0>
     4e0:	fdc10113          	addi	sp,sp,-36
     4e4:	4661                	li	a2,24
     4e6:	4581                	li	a1,0
     4e8:	0068                	addi	a0,sp,12
     4ea:	31b5                	jal	156 <memset>
     4ec:	4505                	li	a0,1
     4ee:	c002                	sw	zero,0(sp)
     4f0:	c202                	sw	zero,4(sp)
     4f2:	c402                	sw	zero,8(sp)
     4f4:	5f2010ef          	jal	ra,1ae6 <NVIC_PriorityGroupConfig>
     4f8:	120010ef          	jal	ra,1618 <SystemCoreClockUpdate>
     4fc:	2bb010ef          	jal	ra,1fb6 <Delay_Init>
     500:	6505                	lui	a0,0x1
     502:	38850513          	addi	a0,a0,904 # 1388 <uniScreen(uEeprom*, char*, unsigned char)+0x56>
     506:	2e5010ef          	jal	ra,1fea <Delay_Ms>
     50a:	4585                	li	a1,1
     50c:	03400513          	li	a0,52
     510:	798010ef          	jal	ra,1ca8 <RCC_APB2PeriphClockCmd>
     514:	4585                	li	a1,1
     516:	10000537          	lui	a0,0x10000
     51a:	7ac010ef          	jal	ra,1cc6 <RCC_APB1PeriphClockCmd>
     51e:	4585                	li	a1,1
     520:	20000513          	li	a0,512
     524:	784010ef          	jal	ra,1ca8 <RCC_APB2PeriphClockCmd>
     528:	6531                	lui	a0,0xc
     52a:	6c8010ef          	jal	ra,1bf2 <RCC_ADCCLKConfig>
     52e:	40011537          	lui	a0,0x40011
     532:	57fd                	li	a5,-1
     534:	858a                	mv	a1,sp
     536:	80050513          	addi	a0,a0,-2048 # 40010800 <__global_pointer$+0x2000ffb8>
     53a:	807c                	sh	a5,0(sp)
     53c:	c402                	sw	zero,8(sp)
     53e:	432010ef          	jal	ra,1970 <GPIO_Init>
     542:	4405                	li	s0,1
     544:	44c1                	li	s1,16
     546:	4791                	li	a5,4
     548:	858a                	mv	a1,sp
     54a:	40011537          	lui	a0,0x40011
     54e:	807c                	sh	a5,0(sp)
     550:	c426                	sw	s1,8(sp)
     552:	c222                	sw	s0,4(sp)
     554:	41c010ef          	jal	ra,1970 <GPIO_Init>
     558:	4789                	li	a5,2
     55a:	858a                	mv	a1,sp
     55c:	40011537          	lui	a0,0x40011
     560:	807c                	sh	a5,0(sp)
     562:	c426                	sw	s1,8(sp)
     564:	c222                	sw	s0,4(sp)
     566:	40a010ef          	jal	ra,1970 <GPIO_Init>
     56a:	47a1                	li	a5,8
     56c:	858a                	mv	a1,sp
     56e:	40011537          	lui	a0,0x40011
     572:	807c                	sh	a5,0(sp)
     574:	c426                	sw	s1,8(sp)
     576:	c222                	sw	s0,4(sp)
     578:	3f8010ef          	jal	ra,1970 <GPIO_Init>
     57c:	858a                	mv	a1,sp
     57e:	40011537          	lui	a0,0x40011
     582:	8064                	sh	s1,0(sp)
     584:	c402                	sw	zero,8(sp)
     586:	3ea010ef          	jal	ra,1970 <GPIO_Init>
     58a:	02800793          	li	a5,40
     58e:	858a                	mv	a1,sp
     590:	40011537          	lui	a0,0x40011
     594:	c43e                	sw	a5,8(sp)
     596:	8060                	sh	s0,0(sp)
     598:	c222                	sw	s0,4(sp)
     59a:	3d6010ef          	jal	ra,1970 <GPIO_Init>
     59e:	4605                	li	a2,1
     5a0:	4591                	li	a1,4
     5a2:	40011537          	lui	a0,0x40011
     5a6:	450010ef          	jal	ra,19f6 <GPIO_WriteBit>
     5aa:	4515                	li	a0,5
     5ac:	23f010ef          	jal	ra,1fea <Delay_Ms>
     5b0:	4601                	li	a2,0
     5b2:	4591                	li	a1,4
     5b4:	40011537          	lui	a0,0x40011
     5b8:	43e010ef          	jal	ra,19f6 <GPIO_WriteBit>
     5bc:	40012437          	lui	s0,0x40012
     5c0:	40040513          	addi	a0,s0,1024 # 40012400 <__global_pointer$+0x20011bb8>
     5c4:	0c0010ef          	jal	ra,1684 <ADC_DeInit>
     5c8:	000e07b7          	lui	a5,0xe0
     5cc:	cc3e                	sw	a5,24(sp)
     5ce:	006c                	addi	a1,sp,12
     5d0:	4785                	li	a5,1
     5d2:	40040513          	addi	a0,s0,1024
     5d6:	02f10023          	sb	a5,32(sp)
     5da:	c602                	sw	zero,12(sp)
     5dc:	c802                	sw	zero,16(sp)
     5de:	ca02                	sw	zero,20(sp)
     5e0:	ce02                	sw	zero,28(sp)
     5e2:	0c8010ef          	jal	ra,16aa <ADC_Init>
     5e6:	4585                	li	a1,1
     5e8:	40040513          	addi	a0,s0,1024
     5ec:	10c010ef          	jal	ra,16f8 <ADC_Cmd>
     5f0:	40040513          	addi	a0,s0,1024
     5f4:	114010ef          	jal	ra,1708 <ADC_ResetCalibration>
     5f8:	40040493          	addi	s1,s0,1024
     5fc:	8526                	mv	a0,s1
     5fe:	114010ef          	jal	ra,1712 <ADC_GetResetCalibrationStatus>
     602:	fd6d                	bnez	a0,5fc <init+0x120>
     604:	40040513          	addi	a0,s0,1024
     608:	40012437          	lui	s0,0x40012
     60c:	10e010ef          	jal	ra,171a <ADC_StartCalibration>
     610:	40040413          	addi	s0,s0,1024 # 40012400 <__global_pointer$+0x20011bb8>
     614:	8522                	mv	a0,s0
     616:	10e010ef          	jal	ra,1724 <ADC_GetCalibrationStatus>
     61a:	fd6d                	bnez	a0,614 <init+0x138>
     61c:	02410113          	addi	sp,sp,36
     620:	bc59                	j	b6 <__riscv_restore_0>

00000622 <uEeprom::init(unsigned short, unsigned short, unsigned short, unsigned short, char const*)>:
     622:	a8bff2ef          	jal	t0,ac <__riscv_save_0>
     626:	08004437          	lui	s0,0x8004
     62a:	a10e                	sh	a1,0(a0)
     62c:	c0040493          	addi	s1,s0,-1024 # 8003c00 <_data_lma+0x80011b8>
     630:	059a                	slli	a1,a1,0x6
     632:	a132                	sh	a2,2(a0)
     634:	a156                	sh	a3,4(a0)
     636:	a17a                	sh	a4,6(a0)
     638:	94ae                	add	s1,s1,a1
     63a:	c51c                	sw	a5,8(a0)
     63c:	c0240413          	addi	s0,s0,-1022
     640:	209e                	lhu	a5,0(s1)
     642:	942e                	add	s0,s0,a1
     644:	201a                	lhu	a4,0(s0)
     646:	07c2                	slli	a5,a5,0x10
     648:	83c1                	srli	a5,a5,0x10
     64a:	1161                	addi	sp,sp,-8
     64c:	832a                	mv	t1,a0
     64e:	00e79663          	bne	a5,a4,65a <uEeprom::init(unsigned short, unsigned short, unsigned short, unsigned short, char const*)+0x38>
     652:	6741                	lui	a4,0x10
     654:	177d                	addi	a4,a4,-1
     656:	06e79c63          	bne	a5,a4,6ce <uEeprom::init(unsigned short, unsigned short, unsigned short, unsigned short, char const*)+0xac>
     65a:	c21a                	sw	t1,4(sp)
     65c:	c02e                	sw	a1,0(sp)
     65e:	21c010ef          	jal	ra,187a <FLASH_Unlock>
     662:	2ac010ef          	jal	ra,190e <FLASH_Unlock_Fast>
     666:	8526                	mv	a0,s1
     668:	2d2010ef          	jal	ra,193a <FLASH_ErasePage_Fast>
     66c:	2c0010ef          	jal	ra,192c <FLASH_Lock_Fast>
     670:	224010ef          	jal	ra,1894 <FLASH_Lock>
     674:	4582                	lw	a1,0(sp)
     676:	080047b7          	lui	a5,0x8004
     67a:	4312                	lw	t1,4(sp)
     67c:	c4078793          	addi	a5,a5,-960 # 8003c40 <_data_lma+0x80011f8>
     680:	6741                	lui	a4,0x10
     682:	95be                	add	a1,a1,a5
     684:	4685                	li	a3,1
     686:	87a6                	mv	a5,s1
     688:	177d                	addi	a4,a4,-1
     68a:	2392                	lhu	a2,0(a5)
     68c:	00c70363          	beq	a4,a2,692 <uEeprom::init(unsigned short, unsigned short, unsigned short, unsigned short, char const*)+0x70>
     690:	4681                	li	a3,0
     692:	0789                	addi	a5,a5,2
     694:	feb79be3          	bne	a5,a1,68a <uEeprom::init(unsigned short, unsigned short, unsigned short, unsigned short, char const*)+0x68>
     698:	e689                	bnez	a3,6a2 <uEeprom::init(unsigned short, unsigned short, unsigned short, unsigned short, char const*)+0x80>
     69a:	00030623          	sb	zero,12(t1)
     69e:	0121                	addi	sp,sp,8
     6a0:	bc19                	j	b6 <__riscv_restore_0>
     6a2:	c01a                	sw	t1,0(sp)
     6a4:	1d6010ef          	jal	ra,187a <FLASH_Unlock>
     6a8:	4302                	lw	t1,0(sp)
     6aa:	8526                	mv	a0,s1
     6ac:	00635583          	lhu	a1,6(t1)
     6b0:	22a010ef          	jal	ra,18da <FLASH_ProgramHalfWord>
     6b4:	4302                	lw	t1,0(sp)
     6b6:	8522                	mv	a0,s0
     6b8:	00635583          	lhu	a1,6(t1)
     6bc:	21e010ef          	jal	ra,18da <FLASH_ProgramHalfWord>
     6c0:	1d4010ef          	jal	ra,1894 <FLASH_Lock>
     6c4:	4302                	lw	t1,0(sp)
     6c6:	2096                	lhu	a3,0(s1)
     6c8:	201a                	lhu	a4,0(s0)
     6ca:	00635783          	lhu	a5,6(t1)
     6ce:	00f31723          	sh	a5,14(t1)
     6d2:	4785                	li	a5,1
     6d4:	00f30623          	sb	a5,12(t1)
     6d8:	b7d9                	j	69e <uEeprom::init(unsigned short, unsigned short, unsigned short, unsigned short, char const*)+0x7c>

000006da <map(long, long, long, long, long)>:
     6da:	9d3ff2ef          	jal	t0,ac <__riscv_save_0>
     6de:	842e                	mv	s0,a1
     6e0:	1161                	addi	sp,sp,-8
     6e2:	40d705b3          	sub	a1,a4,a3
     6e6:	8d01                	sub	a0,a0,s0
     6e8:	c036                	sw	a3,0(sp)
     6ea:	c232                	sw	a2,4(sp)
     6ec:	9d5ff0ef          	jal	ra,c0 <__mulsi3>
     6f0:	4612                	lw	a2,4(sp)
     6f2:	408605b3          	sub	a1,a2,s0
     6f6:	9e3ff0ef          	jal	ra,d8 <__divsi3>
     6fa:	4682                	lw	a3,0(sp)
     6fc:	0121                	addi	sp,sp,8
     6fe:	9536                	add	a0,a0,a3
     700:	9b7ff06f          	j	b6 <__riscv_restore_0>

00000704 <EXTI_INT_INIT()>:
     704:	9a9ff2ef          	jal	t0,ac <__riscv_save_0>
     708:	1141                	addi	sp,sp,-16
     70a:	4585                	li	a1,1
     70c:	4545                	li	a0,17
     70e:	c002                	sw	zero,0(sp)
     710:	c202                	sw	zero,4(sp)
     712:	c402                	sw	zero,8(sp)
     714:	c602                	sw	zero,12(sp)
     716:	592010ef          	jal	ra,1ca8 <RCC_APB2PeriphClockCmd>
     71a:	4581                	li	a1,0
     71c:	4509                	li	a0,2
     71e:	3a6010ef          	jal	ra,1ac4 <GPIO_EXTILineConfig>
     722:	4711                	li	a4,4
     724:	4785                	li	a5,1
     726:	c23a                	sw	a4,4(sp)
     728:	850a                	mv	a0,sp
     72a:	4721                	li	a4,8
     72c:	c03e                	sw	a5,0(sp)
     72e:	c43a                	sw	a4,8(sp)
     730:	c63e                	sw	a5,12(sp)
     732:	0de010ef          	jal	ra,1810 <EXTI_Init>
     736:	0141                	addi	sp,sp,16
     738:	97fff06f          	j	b6 <__riscv_restore_0>

0000073c <userEEPROM()>:
     73c:	971ff2ef          	jal	t0,ac <__riscv_save_0>
     740:	00003537          	lui	a0,0x3
     744:	81450513          	addi	a0,a0,-2028 # 2814 <puts+0xaa>
     748:	022020ef          	jal	ra,276a <puts>
     74c:	000037b7          	lui	a5,0x3
     750:	82878793          	addi	a5,a5,-2008 # 2828 <puts+0xbe>
     754:	03200713          	li	a4,50
     758:	06400693          	li	a3,100
     75c:	4601                	li	a2,0
     75e:	4581                	li	a1,0
     760:	85c18513          	addi	a0,gp,-1956 # 200000a4 <eeprom_power>
     764:	3d7d                	jal	622 <uEeprom::init(unsigned short, unsigned short, unsigned short, unsigned short, char const*)>
     766:	00003537          	lui	a0,0x3
     76a:	83050513          	addi	a0,a0,-2000 # 2830 <puts+0xc6>
     76e:	7fd010ef          	jal	ra,276a <puts>
     772:	000037b7          	lui	a5,0x3
     776:	84c78793          	addi	a5,a5,-1972 # 284c <puts+0xe2>
     77a:	4701                	li	a4,0
     77c:	4685                	li	a3,1
     77e:	4601                	li	a2,0
     780:	4585                	li	a1,1
     782:	82c18513          	addi	a0,gp,-2004 # 20000074 <eeprom_boostEnable>
     786:	3d71                	jal	622 <uEeprom::init(unsigned short, unsigned short, unsigned short, unsigned short, char const*)>
     788:	00003537          	lui	a0,0x3
     78c:	85c50513          	addi	a0,a0,-1956 # 285c <puts+0xf2>
     790:	7db010ef          	jal	ra,276a <puts>
     794:	000037b7          	lui	a5,0x3
     798:	87878793          	addi	a5,a5,-1928 # 2878 <puts+0x10e>
     79c:	4729                	li	a4,10
     79e:	06400693          	li	a3,100
     7a2:	4601                	li	a2,0
     7a4:	4589                	li	a1,2
     7a6:	83c18513          	addi	a0,gp,-1988 # 20000084 <eeprom_boostPower>
     7aa:	3da5                	jal	622 <uEeprom::init(unsigned short, unsigned short, unsigned short, unsigned short, char const*)>
     7ac:	00003537          	lui	a0,0x3
     7b0:	88450513          	addi	a0,a0,-1916 # 2884 <puts+0x11a>
     7b4:	7b7010ef          	jal	ra,276a <puts>
     7b8:	000037b7          	lui	a5,0x3
     7bc:	89c78793          	addi	a5,a5,-1892 # 289c <puts+0x132>
     7c0:	06400713          	li	a4,100
     7c4:	3e800693          	li	a3,1000
     7c8:	4601                	li	a2,0
     7ca:	458d                	li	a1,3
     7cc:	84c18513          	addi	a0,gp,-1972 # 20000094 <eeprom_boostTime>
     7d0:	3d89                	jal	622 <uEeprom::init(unsigned short, unsigned short, unsigned short, unsigned short, char const*)>
     7d2:	8e5ff06f          	j	b6 <__riscv_restore_0>

000007d6 <gotoDeepSleep>:
     7d6:	8d7ff2ef          	jal	t0,ac <__riscv_save_0>
     7da:	1151                	addi	sp,sp,-12
     7dc:	4601                	li	a2,0
     7de:	45a1                	li	a1,8
     7e0:	40011537          	lui	a0,0x40011
     7e4:	212010ef          	jal	ra,19f6 <GPIO_WriteBit>
     7e8:	4585                	li	a1,1
     7ea:	4505                	li	a0,1
     7ec:	c002                	sw	zero,0(sp)
     7ee:	c202                	sw	zero,4(sp)
     7f0:	c402                	sw	zero,8(sp)
     7f2:	4b6010ef          	jal	ra,1ca8 <RCC_APB2PeriphClockCmd>
     7f6:	00300537          	lui	a0,0x300
     7fa:	4585                	li	a1,1
     7fc:	40050513          	addi	a0,a0,1024 # 300400 <_data_lma+0x2fd9b8>
     800:	200010ef          	jal	ra,1a00 <GPIO_PinRemapConfig>
     804:	40011437          	lui	s0,0x40011
     808:	57fd                	li	a5,-1
     80a:	858a                	mv	a1,sp
     80c:	40040513          	addi	a0,s0,1024 # 40011400 <__global_pointer$+0x20010bb8>
     810:	807c                	sh	a5,0(sp)
     812:	c402                	sw	zero,8(sp)
     814:	15c010ef          	jal	ra,1970 <GPIO_Init>
     818:	57f9                	li	a5,-2
     81a:	858a                	mv	a1,sp
     81c:	40011537          	lui	a0,0x40011
     820:	807c                	sh	a5,0(sp)
     822:	14e010ef          	jal	ra,1970 <GPIO_Init>
     826:	00201537          	lui	a0,0x201
     82a:	4581                	li	a1,0
     82c:	80150513          	addi	a0,a0,-2047 # 200801 <_data_lma+0x1fddb9>
     830:	496010ef          	jal	ra,1cc6 <RCC_APB1PeriphClockCmd>
     834:	00003537          	lui	a0,0x3
     838:	8a850513          	addi	a0,a0,-1880 # 28a8 <puts+0x13e>
     83c:	72f010ef          	jal	ra,276a <puts>
     840:	4505                	li	a0,1
     842:	2aa010ef          	jal	ra,1aec <PWR_EnterSTANDBYMode>
     846:	00003537          	lui	a0,0x3
     84a:	8b850513          	addi	a0,a0,-1864 # 28b8 <puts+0x14e>
     84e:	71d010ef          	jal	ra,276a <puts>
     852:	47c1                	li	a5,16
     854:	c43e                	sw	a5,8(sp)
     856:	4485                	li	s1,1
     858:	47b9                	li	a5,14
     85a:	858a                	mv	a1,sp
     85c:	40011537          	lui	a0,0x40011
     860:	807c                	sh	a5,0(sp)
     862:	c226                	sw	s1,4(sp)
     864:	10c010ef          	jal	ra,1970 <GPIO_Init>
     868:	47e1                	li	a5,24
     86a:	c43e                	sw	a5,8(sp)
     86c:	858a                	mv	a1,sp
     86e:	04000793          	li	a5,64
     872:	40040513          	addi	a0,s0,1024
     876:	807c                	sh	a5,0(sp)
     878:	c226                	sw	s1,4(sp)
     87a:	0f6010ef          	jal	ra,1970 <GPIO_Init>
     87e:	0131                	addi	sp,sp,12
     880:	837ff06f          	j	b6 <__riscv_restore_0>

00000884 <ADC_SelectChannel(unsigned char)>:
     884:	829ff2ef          	jal	t0,ac <__riscv_save_0>
     888:	85aa                	mv	a1,a0
     88a:	40012537          	lui	a0,0x40012
     88e:	469d                	li	a3,7
     890:	4605                	li	a2,1
     892:	40050513          	addi	a0,a0,1024 # 40012400 <__global_pointer$+0x20011bb8>
     896:	6af000ef          	jal	ra,1744 <ADC_RegularChannelConfig>
     89a:	81dff06f          	j	b6 <__riscv_restore_0>

0000089e <ADC_Read_Single(unsigned char, unsigned short*)>:
     89e:	80fff2ef          	jal	t0,ac <__riscv_save_0>
     8a2:	80818413          	addi	s0,gp,-2040 # 20000050 <ADC_Read_Single(unsigned char, unsigned short*)::adcConversionStarted>
     8a6:	201c                	lbu	a5,0(s0)
     8a8:	cb85                	beqz	a5,8d8 <ADC_Read_Single(unsigned char, unsigned short*)+0x3a>
     8aa:	40012737          	lui	a4,0x40012
     8ae:	40070513          	addi	a0,a4,1024 # 40012400 <__global_pointer$+0x20011bb8>
     8b2:	84ae                	mv	s1,a1
     8b4:	4589                	li	a1,2
     8b6:	751000ef          	jal	ra,1806 <ADC_GetFlagStatus>
     8ba:	4781                	li	a5,0
     8bc:	40012737          	lui	a4,0x40012
     8c0:	c909                	beqz	a0,8d2 <ADC_Read_Single(unsigned char, unsigned short*)+0x34>
     8c2:	40070513          	addi	a0,a4,1024 # 40012400 <__global_pointer$+0x20011bb8>
     8c6:	739000ef          	jal	ra,17fe <ADC_GetConversionValue>
     8ca:	a08a                	sh	a0,0(s1)
     8cc:	00040023          	sb	zero,0(s0)
     8d0:	4785                	li	a5,1
     8d2:	853e                	mv	a0,a5
     8d4:	fe2ff06f          	j	b6 <__riscv_restore_0>
     8d8:	3775                	jal	884 <ADC_SelectChannel(unsigned char)>
     8da:	40012537          	lui	a0,0x40012
     8de:	4585                	li	a1,1
     8e0:	40050513          	addi	a0,a0,1024 # 40012400 <__global_pointer$+0x20011bb8>
     8e4:	649000ef          	jal	ra,172c <ADC_SoftwareStartConvCmd>
     8e8:	4785                	li	a5,1
     8ea:	a01c                	sb	a5,0(s0)
     8ec:	4781                	li	a5,0
     8ee:	b7d5                	j	8d2 <ADC_Read_Single(unsigned char, unsigned short*)+0x34>

000008f0 <main>:
     8f0:	fbcff2ef          	jal	t0,ac <__riscv_save_0>
     8f4:	1171                	addi	sp,sp,-4
     8f6:	36dd                	jal	4dc <init>
     8f8:	3531                	jal	704 <EXTI_INT_INIT()>
     8fa:	00071537          	lui	a0,0x71
     8fe:	80050513          	addi	a0,a0,-2048 # 70800 <_data_lma+0x6ddb8>
     902:	722010ef          	jal	ra,2024 <USART_Printf_Init>
     906:	00003537          	lui	a0,0x3
     90a:	8d050513          	addi	a0,a0,-1840 # 28d0 <puts+0x166>
     90e:	65d010ef          	jal	ra,276a <puts>
     912:	200007b7          	lui	a5,0x20000
     916:	01c7a583          	lw	a1,28(a5) # 2000001c <SystemCoreClock>
     91a:	00003537          	lui	a0,0x3
     91e:	8fc50513          	addi	a0,a0,-1796 # 28fc <puts+0x192>
     922:	625010ef          	jal	ra,2746 <printf>
     926:	3d19                	jal	73c <userEEPROM()>
     928:	00003437          	lui	s0,0x3
     92c:	8e040513          	addi	a0,s0,-1824 # 28e0 <puts+0x176>
     930:	63b010ef          	jal	ra,276a <puts>
     934:	85c18793          	addi	a5,gp,-1956 # 200000a4 <eeprom_power>
     938:	27d8                	lbu	a4,12(a5)
     93a:	4581                	li	a1,0
     93c:	c311                	beqz	a4,940 <main+0x50>
     93e:	27ee                	lhu	a1,14(a5)
     940:	00003537          	lui	a0,0x3
     944:	91850513          	addi	a0,a0,-1768 # 2918 <puts+0x1ae>
     948:	5ff010ef          	jal	ra,2746 <printf>
     94c:	82c18793          	addi	a5,gp,-2004 # 20000074 <eeprom_boostEnable>
     950:	27d8                	lbu	a4,12(a5)
     952:	4581                	li	a1,0
     954:	c311                	beqz	a4,958 <main+0x68>
     956:	27ee                	lhu	a1,14(a5)
     958:	00003537          	lui	a0,0x3
     95c:	93850513          	addi	a0,a0,-1736 # 2938 <puts+0x1ce>
     960:	5e7010ef          	jal	ra,2746 <printf>
     964:	83c18793          	addi	a5,gp,-1988 # 20000084 <eeprom_boostPower>
     968:	27d8                	lbu	a4,12(a5)
     96a:	4581                	li	a1,0
     96c:	c311                	beqz	a4,970 <main+0x80>
     96e:	27ee                	lhu	a1,14(a5)
     970:	00003537          	lui	a0,0x3
     974:	95450513          	addi	a0,a0,-1708 # 2954 <puts+0x1ea>
     978:	5cf010ef          	jal	ra,2746 <printf>
     97c:	84c18793          	addi	a5,gp,-1972 # 20000094 <eeprom_boostTime>
     980:	27d8                	lbu	a4,12(a5)
     982:	4581                	li	a1,0
     984:	c311                	beqz	a4,988 <main+0x98>
     986:	27ee                	lhu	a1,14(a5)
     988:	00003537          	lui	a0,0x3
     98c:	97450513          	addi	a0,a0,-1676 # 2974 <puts+0x20a>
     990:	5b7010ef          	jal	ra,2746 <printf>
     994:	8e040513          	addi	a0,s0,-1824
     998:	5d3010ef          	jal	ra,276a <puts>
     99c:	e000e7b7          	lui	a5,0xe000e
     9a0:	6705                	lui	a4,0x1
     9a2:	10e7a023          	sw	a4,256(a5) # e000e100 <__global_pointer$+0xc000d8b8>
     9a6:	e000f7b7          	lui	a5,0xe000f
     9aa:	43d8                	lw	a4,4(a5)
     9ac:	9b79                	andi	a4,a4,-2
     9ae:	c3d8                	sw	a4,4(a5)
     9b0:	3e700713          	li	a4,999
     9b4:	cb98                	sw	a4,16(a5)
     9b6:	0007a423          	sw	zero,8(a5) # e000f008 <__global_pointer$+0xc000e7c0>
     9ba:	472d                	li	a4,11
     9bc:	c398                	sw	a4,0(a5)
     9be:	2989                	jal	e10 <Motor_Init()>
     9c0:	04600613          	li	a2,70
     9c4:	02800593          	li	a1,40
     9c8:	3e800513          	li	a0,1000
     9cc:	8dbff0ef          	jal	ra,2a6 <tone1_vol>
     9d0:	06400613          	li	a2,100
     9d4:	05000593          	li	a1,80
     9d8:	5dc00513          	li	a0,1500
     9dc:	8cbff0ef          	jal	ra,2a6 <tone1_vol>
     9e0:	3bdd                	jal	7d6 <gotoDeepSleep>
     9e2:	00003537          	lui	a0,0x3
     9e6:	99450513          	addi	a0,a0,-1644 # 2994 <puts+0x22a>
     9ea:	581010ef          	jal	ra,276a <puts>
     9ee:	4605                	li	a2,1
     9f0:	45a1                	li	a1,8
     9f2:	40011537          	lui	a0,0x40011
     9f6:	000010ef          	jal	ra,19f6 <GPIO_WriteBit>
     9fa:	80a18593          	addi	a1,gp,-2038 # 20000052 <main::lastADCValue>
     9fe:	4509                	li	a0,2
     a00:	843e                	mv	s0,a5
     a02:	3d71                	jal	89e <ADC_Read_Single(unsigned char, unsigned short*)>
     a04:	80a18493          	addi	s1,gp,-2038 # 20000052 <main::lastADCValue>
     a08:	d96d                	beqz	a0,9fa <main+0x10a>
     a0a:	208e                	lhu	a1,0(s1)
     a0c:	00003537          	lui	a0,0x3
     a10:	99c50513          	addi	a0,a0,-1636 # 299c <puts+0x232>
     a14:	533010ef          	jal	ra,2746 <printf>
     a18:	209a                	lhu	a4,0(s1)
     a1a:	3ff00593          	li	a1,1023
     a1e:	00271513          	slli	a0,a4,0x2
     a22:	953a                	add	a0,a0,a4
     a24:	050a                	slli	a0,a0,0x2
     a26:	eb2ff0ef          	jal	ra,d8 <__divsi3>
     a2a:	0579                	addi	a0,a0,30
     a2c:	86c18693          	addi	a3,gp,-1940 # 200000b4 <motor_volume>
     a30:	86c18793          	addi	a5,gp,-1940 # 200000b4 <motor_volume>
     a34:	c288                	sw	a0,0(a3)
     a36:	c03e                	sw	a5,0(sp)
     a38:	4605                	li	a2,1
     a3a:	45a1                	li	a1,8
     a3c:	40011537          	lui	a0,0x40011
     a40:	7b7000ef          	jal	ra,19f6 <GPIO_WriteBit>
     a44:	80a18593          	addi	a1,gp,-2038 # 20000052 <main::lastADCValue>
     a48:	4509                	li	a0,2
     a4a:	3d91                	jal	89e <ADC_Read_Single(unsigned char, unsigned short*)>
     a4c:	209e                	lhu	a5,0(s1)
     a4e:	3ff00593          	li	a1,1023
     a52:	00479513          	slli	a0,a5,0x4
     a56:	8d1d                	sub	a0,a0,a5
     a58:	e80ff0ef          	jal	ra,d8 <__divsi3>
     a5c:	4782                	lw	a5,0(sp)
     a5e:	02850513          	addi	a0,a0,40 # 40011028 <__global_pointer$+0x200107e0>
     a62:	c388                	sw	a0,0(a5)
     a64:	21e9                	jal	f2e <Motor_Tick>
     a66:	4585                	li	a1,1
     a68:	40011537          	lui	a0,0x40011
     a6c:	781000ef          	jal	ra,19ec <GPIO_ReadInputDataBit>
     a70:	81018793          	addi	a5,gp,-2032 # 20000058 <b>
     a74:	2b98                	lbu	a4,16(a5)
     a76:	00a03533          	snez	a0,a0
     a7a:	02a71263          	bne	a4,a0,a9e <main+0x1ae>
     a7e:	4681                	li	a3,0
     a80:	4701                	li	a4,0
     a82:	c794                	sw	a3,8(a5)
     a84:	c7d8                	sw	a4,12(a5)
     a86:	2bb4                	lbu	a3,18(a5)
     a88:	4639                	li	a2,14
     a8a:	2b98                	lbu	a4,16(a5)
     a8c:	06d66a63          	bltu	a2,a3,b00 <main+0x210>
     a90:	6609                	lui	a2,0x2
     a92:	068a                	slli	a3,a3,0x2
     a94:	7d860613          	addi	a2,a2,2008 # 27d8 <puts+0x6e>
     a98:	96b2                	add	a3,a3,a2
     a9a:	4294                	lw	a3,0(a3)
     a9c:	8682                	jr	a3
     a9e:	4798                	lw	a4,8(a5)
     aa0:	00c7a303          	lw	t1,12(a5)
     aa4:	200005b7          	lui	a1,0x20000
     aa8:	04858593          	addi	a1,a1,72 # 20000048 <_edata>
     aac:	4194                	lw	a3,0(a1)
     aae:	41d0                	lw	a2,4(a1)
     ab0:	006765b3          	or	a1,a4,t1
     ab4:	e581                	bnez	a1,abc <main+0x1cc>
     ab6:	c794                	sw	a3,8(a5)
     ab8:	c7d0                	sw	a2,12(a5)
     aba:	b7f1                	j	a86 <main+0x196>
     abc:	40e68733          	sub	a4,a3,a4
     ac0:	00e6b6b3          	sltu	a3,a3,a4
     ac4:	40660633          	sub	a2,a2,t1
     ac8:	00d61563          	bne	a2,a3,ad2 <main+0x1e2>
     acc:	46a5                	li	a3,9
     ace:	fae6fce3          	bgeu	a3,a4,a86 <main+0x196>
     ad2:	ab88                	sb	a0,16(a5)
     ad4:	bf4d                	j	a86 <main+0x196>
     ad6:	c70d                	beqz	a4,b00 <main+0x210>
     ad8:	4705                	li	a4,1
     ada:	abb8                	sb	a4,18(a5)
     adc:	a015                	j	b00 <main+0x210>
     ade:	470d                	li	a4,3
     ae0:	abb8                	sb	a4,18(a5)
     ae2:	20000737          	lui	a4,0x20000
     ae6:	04870713          	addi	a4,a4,72 # 20000048 <_edata>
     aea:	4310                	lw	a2,0(a4)
     aec:	4354                	lw	a3,4(a4)
     aee:	c390                	sw	a2,0(a5)
     af0:	c3d4                	sw	a3,4(a5)
     af2:	a039                	j	b00 <main+0x210>
     af4:	ef2d                	bnez	a4,b6e <main+0x27e>
     af6:	4709                	li	a4,2
     af8:	abb8                	sb	a4,18(a5)
     afa:	3bb8                	lbu	a4,19(a5)
     afc:	0705                	addi	a4,a4,1
     afe:	bbb8                	sb	a4,19(a5)
     b00:	8781a683          	lw	a3,-1928(gp) # 200000c0 <screen>
     b04:	87818413          	addi	s0,gp,-1928 # 200000c0 <screen>
     b08:	e299                	bnez	a3,b0e <main+0x21e>
     b0a:	6ee000ef          	jal	ra,11f8 <ScreenNormal>
     b0e:	4010                	lw	a2,0(s0)
     b10:	4685                	li	a3,1
     b12:	02d61263          	bne	a2,a3,b36 <main+0x246>
     b16:	00042023          	sw	zero,0(s0)
     b1a:	8a5ff0ef          	jal	ra,3be <buzzer_shutdown>
     b1e:	81018793          	addi	a5,gp,-2032 # 20000058 <b>
     b22:	000788a3          	sb	zero,17(a5)
     b26:	00079923          	sh	zero,18(a5)
     b2a:	4601                	li	a2,0
     b2c:	4591                	li	a1,4
     b2e:	40011537          	lui	a0,0x40011
     b32:	6c5000ef          	jal	ra,19f6 <GPIO_WriteBit>
     b36:	4014                	lw	a3,0(s0)
     b38:	4789                	li	a5,2
     b3a:	00f69763          	bne	a3,a5,b48 <main+0x258>
     b3e:	155000ef          	jal	ra,1492 <ScreenBoostEnable>
     b42:	4785                	li	a5,1
     b44:	82f19423          	sh	a5,-2008(gp) # 20000070 <comandMotorOff>
     b48:	4014                	lw	a3,0(s0)
     b4a:	478d                	li	a5,3
     b4c:	00f69763          	bne	a3,a5,b5a <main+0x26a>
     b50:	4785                	li	a5,1
     b52:	82f19423          	sh	a5,-2008(gp) # 20000070 <comandMotorOff>
     b56:	201000ef          	jal	ra,1556 <ScreenBoostPower>
     b5a:	4018                	lw	a4,0(s0)
     b5c:	4791                	li	a5,4
     b5e:	ecf71de3          	bne	a4,a5,a38 <main+0x148>
     b62:	4785                	li	a5,1
     b64:	82f19423          	sh	a5,-2008(gp) # 20000070 <comandMotorOff>
     b68:	209000ef          	jal	ra,1570 <ScreenBoostTime>
     b6c:	b5f1                	j	a38 <main+0x148>
     b6e:	20000737          	lui	a4,0x20000
     b72:	04870713          	addi	a4,a4,72 # 20000048 <_edata>
     b76:	4310                	lw	a2,0(a4)
     b78:	4394                	lw	a3,0(a5)
     b7a:	434c                	lw	a1,4(a4)
     b7c:	43d8                	lw	a4,4(a5)
     b7e:	40d606b3          	sub	a3,a2,a3
     b82:	00d63533          	sltu	a0,a2,a3
     b86:	40e58733          	sub	a4,a1,a4
     b8a:	8f09                	sub	a4,a4,a0
     b8c:	00e04763          	bgtz	a4,b9a <main+0x2aa>
     b90:	fb25                	bnez	a4,b00 <main+0x210>
     b92:	7cf00713          	li	a4,1999
     b96:	f6d775e3          	bgeu	a4,a3,b00 <main+0x210>
     b9a:	4711                	li	a4,4
     b9c:	abb8                	sb	a4,18(a5)
     b9e:	c390                	sw	a2,0(a5)
     ba0:	c3cc                	sw	a1,4(a5)
     ba2:	bfb9                	j	b00 <main+0x210>
     ba4:	4719                	li	a4,6
     ba6:	bf15                	j	ada <main+0x1ea>
     ba8:	e319                	bnez	a4,bae <main+0x2be>
     baa:	4715                	li	a4,5
     bac:	b73d                	j	ada <main+0x1ea>
     bae:	20000737          	lui	a4,0x20000
     bb2:	04870713          	addi	a4,a4,72 # 20000048 <_edata>
     bb6:	4310                	lw	a2,0(a4)
     bb8:	4394                	lw	a3,0(a5)
     bba:	434c                	lw	a1,4(a4)
     bbc:	43d8                	lw	a4,4(a5)
     bbe:	40d606b3          	sub	a3,a2,a3
     bc2:	00d63533          	sltu	a0,a2,a3
     bc6:	40e58733          	sub	a4,a1,a4
     bca:	8f09                	sub	a4,a4,a0
     bcc:	00e04763          	bgtz	a4,bda <main+0x2ea>
     bd0:	fb05                	bnez	a4,b00 <main+0x210>
     bd2:	3e700713          	li	a4,999
     bd6:	f2d775e3          	bgeu	a4,a3,b00 <main+0x210>
     bda:	471d                	li	a4,7
     bdc:	b7c1                	j	b9c <main+0x2ac>
     bde:	4721                	li	a4,8
     be0:	bded                	j	ada <main+0x1ea>
     be2:	e319                	bnez	a4,be8 <main+0x2f8>
     be4:	4725                	li	a4,9
     be6:	bdd5                	j	ada <main+0x1ea>
     be8:	20000737          	lui	a4,0x20000
     bec:	04870713          	addi	a4,a4,72 # 20000048 <_edata>
     bf0:	4310                	lw	a2,0(a4)
     bf2:	4394                	lw	a3,0(a5)
     bf4:	434c                	lw	a1,4(a4)
     bf6:	43d8                	lw	a4,4(a5)
     bf8:	40d606b3          	sub	a3,a2,a3
     bfc:	00d63533          	sltu	a0,a2,a3
     c00:	40e58733          	sub	a4,a1,a4
     c04:	8f09                	sub	a4,a4,a0
     c06:	00e04863          	bgtz	a4,c16 <main+0x326>
     c0a:	ee071be3          	bnez	a4,b00 <main+0x210>
     c0e:	3e700713          	li	a4,999
     c12:	eed777e3          	bgeu	a4,a3,b00 <main+0x210>
     c16:	471d                	li	a4,7
     c18:	abb8                	sb	a4,18(a5)
     c1a:	3b98                	lbu	a4,17(a5)
     c1c:	0705                	addi	a4,a4,1
     c1e:	bb98                	sb	a4,17(a5)
     c20:	bfbd                	j	b9e <main+0x2ae>
     c22:	000789a3          	sb	zero,19(a5)
     c26:	4729                	li	a4,10
     c28:	bd4d                	j	ada <main+0x1ea>
     c2a:	3bb4                	lbu	a3,19(a5)
     c2c:	000788a3          	sb	zero,17(a5)
     c30:	472d                	li	a4,11
     c32:	ea0697e3          	bnez	a3,ae0 <main+0x1f0>
     c36:	4735                	li	a4,13
     c38:	b565                	j	ae0 <main+0x1f0>
     c3a:	e8071fe3          	bnez	a4,ad8 <main+0x1e8>
     c3e:	20000737          	lui	a4,0x20000
     c42:	04870713          	addi	a4,a4,72 # 20000048 <_edata>
     c46:	4310                	lw	a2,0(a4)
     c48:	4394                	lw	a3,0(a5)
     c4a:	434c                	lw	a1,4(a4)
     c4c:	43d8                	lw	a4,4(a5)
     c4e:	40d606b3          	sub	a3,a2,a3
     c52:	00d63533          	sltu	a0,a2,a3
     c56:	40e58733          	sub	a4,a1,a4
     c5a:	8f09                	sub	a4,a4,a0
     c5c:	00e04863          	bgtz	a4,c6c <main+0x37c>
     c60:	ea0710e3          	bnez	a4,b00 <main+0x210>
     c64:	1f300713          	li	a4,499
     c68:	e8d77ce3          	bgeu	a4,a3,b00 <main+0x210>
     c6c:	4731                	li	a4,12
     c6e:	b73d                	j	b9c <main+0x2ac>
     c70:	4735                	li	a4,13
     c72:	abba                	sh	a4,18(a5)
     c74:	b571                	j	b00 <main+0x210>
     c76:	e60711e3          	bnez	a4,ad8 <main+0x1e8>
     c7a:	20000737          	lui	a4,0x20000
     c7e:	04870713          	addi	a4,a4,72 # 20000048 <_edata>
     c82:	4310                	lw	a2,0(a4)
     c84:	4394                	lw	a3,0(a5)
     c86:	4358                	lw	a4,4(a4)
     c88:	43cc                	lw	a1,4(a5)
     c8a:	40d606b3          	sub	a3,a2,a3
     c8e:	00d63633          	sltu	a2,a2,a3
     c92:	8f0d                	sub	a4,a4,a1
     c94:	8f11                	sub	a4,a4,a2
     c96:	00e04863          	bgtz	a4,ca6 <main+0x3b6>
     c9a:	e60713e3          	bnez	a4,b00 <main+0x210>
     c9e:	3e700713          	li	a4,999
     ca2:	e4d77fe3          	bgeu	a4,a3,b00 <main+0x210>
     ca6:	4739                	li	a4,14
     ca8:	bd0d                	j	ada <main+0x1ea>
     caa:	00078923          	sb	zero,18(a5)
     cae:	bd89                	j	b00 <main+0x210>

00000cb0 <_GLOBAL__sub_I_b>:
     cb0:	81018793          	addi	a5,gp,-2032 # 20000058 <b>
     cb4:	4701                	li	a4,0
     cb6:	4681                	li	a3,0
     cb8:	c7d8                	sw	a4,12(a5)
     cba:	c3d8                	sw	a4,4(a5)
     cbc:	c394                	sw	a3,0(a5)
     cbe:	c794                	sw	a3,8(a5)
     cc0:	0007a823          	sw	zero,16(a5)
     cc4:	00320737          	lui	a4,0x320
     cc8:	87018793          	addi	a5,gp,-1936 # 200000b8 <pwm>
     ccc:	06470713          	addi	a4,a4,100 # 320064 <_data_lma+0x31d61c>
     cd0:	c398                	sw	a4,0(a5)
     cd2:	00079223          	sh	zero,4(a5)
     cd6:	85c18793          	addi	a5,gp,-1956 # 200000a4 <eeprom_power>
     cda:	0007a023          	sw	zero,0(a5)
     cde:	0007a223          	sw	zero,4(a5)
     ce2:	0007a423          	sw	zero,8(a5)
     ce6:	00078623          	sb	zero,12(a5)
     cea:	00079723          	sh	zero,14(a5)
     cee:	82c18793          	addi	a5,gp,-2004 # 20000074 <eeprom_boostEnable>
     cf2:	0007a023          	sw	zero,0(a5)
     cf6:	0007a223          	sw	zero,4(a5)
     cfa:	0007a423          	sw	zero,8(a5)
     cfe:	00078623          	sb	zero,12(a5)
     d02:	00079723          	sh	zero,14(a5)
     d06:	83c18793          	addi	a5,gp,-1988 # 20000084 <eeprom_boostPower>
     d0a:	0007a023          	sw	zero,0(a5)
     d0e:	0007a223          	sw	zero,4(a5)
     d12:	0007a423          	sw	zero,8(a5)
     d16:	00078623          	sb	zero,12(a5)
     d1a:	00079723          	sh	zero,14(a5)
     d1e:	84c18793          	addi	a5,gp,-1972 # 20000094 <eeprom_boostTime>
     d22:	0007a023          	sw	zero,0(a5)
     d26:	0007a223          	sw	zero,4(a5)
     d2a:	0007a423          	sw	zero,8(a5)
     d2e:	00078623          	sb	zero,12(a5)
     d32:	00079723          	sh	zero,14(a5)
     d36:	8082                	ret

00000d38 <Pwm::disable() [clone .isra.2] [clone .part.3]>:
     d38:	b74ff2ef          	jal	t0,ac <__riscv_save_0>
     d3c:	40013437          	lui	s0,0x40013
     d40:	1151                	addi	sp,sp,-12
     d42:	c0040513          	addi	a0,s0,-1024 # 40012c00 <__global_pointer$+0x200123b8>
     d46:	4581                	li	a1,0
     d48:	0b6010ef          	jal	ra,1dfe <TIM_CtrlPWMOutputs>
     d4c:	c0040513          	addi	a0,s0,-1024
     d50:	4581                	li	a1,0
     d52:	094010ef          	jal	ra,1de6 <TIM_Cmd>
     d56:	4791                	li	a5,4
     d58:	40011437          	lui	s0,0x40011
     d5c:	807c                	sh	a5,0(sp)
     d5e:	47c1                	li	a5,16
     d60:	c43e                	sw	a5,8(sp)
     d62:	858a                	mv	a1,sp
     d64:	4785                	li	a5,1
     d66:	80040513          	addi	a0,s0,-2048 # 40010800 <__global_pointer$+0x2000ffb8>
     d6a:	c23e                	sw	a5,4(sp)
     d6c:	405000ef          	jal	ra,1970 <GPIO_Init>
     d70:	4601                	li	a2,0
     d72:	4591                	li	a1,4
     d74:	80040513          	addi	a0,s0,-2048
     d78:	47f000ef          	jal	ra,19f6 <GPIO_WriteBit>
     d7c:	0131                	addi	sp,sp,12
     d7e:	b38ff06f          	j	b6 <__riscv_restore_0>

00000d82 <Pwm::setDutyPercent(unsigned char)>:
     d82:	b2aff2ef          	jal	t0,ac <__riscv_save_0>
     d86:	06400793          	li	a5,100
     d8a:	84aa                	mv	s1,a0
     d8c:	2102                	lhu	s0,0(a0)
     d8e:	06400513          	li	a0,100
     d92:	00b7e463          	bltu	a5,a1,d9a <Pwm::setDutyPercent(unsigned char)+0x18>
     d96:	0ff5f513          	andi	a0,a1,255
     d9a:	85a2                	mv	a1,s0
     d9c:	b24ff0ef          	jal	ra,c0 <__mulsi3>
     da0:	06400593          	li	a1,100
     da4:	b34ff0ef          	jal	ra,d8 <__divsi3>
     da8:	85aa                	mv	a1,a0
     daa:	0542                	slli	a0,a0,0x10
     dac:	8141                	srli	a0,a0,0x10
     dae:	00a47363          	bgeu	s0,a0,db4 <Pwm::setDutyPercent(unsigned char)+0x32>
     db2:	85a2                	mv	a1,s0
     db4:	a0ae                	sh	a1,2(s1)
     db6:	40013537          	lui	a0,0x40013
     dba:	05c2                	slli	a1,a1,0x10
     dbc:	81c1                	srli	a1,a1,0x10
     dbe:	c0050513          	addi	a0,a0,-1024 # 40012c00 <__global_pointer$+0x200123b8>
     dc2:	088010ef          	jal	ra,1e4a <TIM_SetCompare2>
     dc6:	af0ff06f          	j	b6 <__riscv_restore_0>

00000dca <Pwm::setFrequency(unsigned long, unsigned long)>:
     dca:	ae2ff2ef          	jal	t0,ac <__riscv_save_0>
     dce:	1171                	addi	sp,sp,-4
     dd0:	842a                	mv	s0,a0
     dd2:	e191                	bnez	a1,dd6 <Pwm::setFrequency(unsigned long, unsigned long)+0xc>
     dd4:	4585                	li	a1,1
     dd6:	200a                	lhu	a0,0(s0)
     dd8:	c032                	sw	a2,0(sp)
     dda:	ae6ff0ef          	jal	ra,c0 <__mulsi3>
     dde:	4602                	lw	a2,0(sp)
     de0:	85aa                	mv	a1,a0
     de2:	8532                	mv	a0,a2
     de4:	afcff0ef          	jal	ra,e0 <__udivsi3>
     de8:	157d                	addi	a0,a0,-1
     dea:	67c1                	lui	a5,0x10
     dec:	00f56463          	bltu	a0,a5,df4 <Pwm::setFrequency(unsigned long, unsigned long)+0x2a>
     df0:	fff78513          	addi	a0,a5,-1 # ffff <_data_lma+0xd5b7>
     df4:	01051593          	slli	a1,a0,0x10
     df8:	81c1                	srli	a1,a1,0x10
     dfa:	40013537          	lui	a0,0x40013
     dfe:	a04e                	sh	a1,4(s0)
     e00:	4601                	li	a2,0
     e02:	c0050513          	addi	a0,a0,-1024 # 40012c00 <__global_pointer$+0x200123b8>
     e06:	00e010ef          	jal	ra,1e14 <TIM_PrescalerConfig>
     e0a:	0111                	addi	sp,sp,4
     e0c:	aaaff06f          	j	b6 <__riscv_restore_0>

00000e10 <Motor_Init()>:
     e10:	a9cff2ef          	jal	t0,ac <__riscv_save_0>
     e14:	00320737          	lui	a4,0x320
     e18:	88c18493          	addi	s1,gp,-1908 # 200000d4 <motorPwm>
     e1c:	06470713          	addi	a4,a4,100 # 320064 <_data_lma+0x31d61c>
     e20:	6505                	lui	a0,0x1
     e22:	fd410113          	addi	sp,sp,-44
     e26:	c098                	sw	a4,0(s1)
     e28:	4585                	li	a1,1
     e2a:	471d                	li	a4,7
     e2c:	80450513          	addi	a0,a0,-2044 # 804 <gotoDeepSleep+0x2e>
     e30:	a0da                	sh	a4,4(s1)
     e32:	c802                	sw	zero,16(sp)
     e34:	ca02                	sw	zero,20(sp)
     e36:	cc02                	sw	zero,24(sp)
     e38:	c202                	sw	zero,4(sp)
     e3a:	c402                	sw	zero,8(sp)
     e3c:	00011623          	sh	zero,12(sp)
     e40:	ce02                	sw	zero,28(sp)
     e42:	d002                	sw	zero,32(sp)
     e44:	d202                	sw	zero,36(sp)
     e46:	d402                	sw	zero,40(sp)
     e48:	661000ef          	jal	ra,1ca8 <RCC_APB2PeriphClockCmd>
     e4c:	4761                	li	a4,24
     e4e:	40011537          	lui	a0,0x40011
     e52:	4691                	li	a3,4
     e54:	cc3a                	sw	a4,24(sp)
     e56:	080c                	addi	a1,sp,16
     e58:	470d                	li	a4,3
     e5a:	80050513          	addi	a0,a0,-2048 # 40010800 <__global_pointer$+0x2000ffb8>
     e5e:	80f4                	sh	a3,16(sp)
     e60:	c036                	sw	a3,0(sp)
     e62:	ca3a                	sw	a4,20(sp)
     e64:	30d000ef          	jal	ra,1970 <GPIO_Init>
     e68:	209a                	lhu	a4,0(s1)
     e6a:	40013437          	lui	s0,0x40013
     e6e:	004c                	addi	a1,sp,4
     e70:	177d                	addi	a4,a4,-1
     e72:	8478                	sh	a4,8(sp)
     e74:	20da                	lhu	a4,4(s1)
     e76:	c0040513          	addi	a0,s0,-1024 # 40012c00 <__global_pointer$+0x200123b8>
     e7a:	00011523          	sh	zero,10(sp)
     e7e:	8278                	sh	a4,4(sp)
     e80:	00011323          	sh	zero,6(sp)
     e84:	00010623          	sb	zero,12(sp)
     e88:	67b000ef          	jal	ra,1d02 <TIM_TimeBaseInit>
     e8c:	06000713          	li	a4,96
     e90:	4682                	lw	a3,0(sp)
     e92:	ce3a                	sw	a4,28(sp)
     e94:	20ba                	lhu	a4,2(s1)
     e96:	086c                	addi	a1,sp,28
     e98:	c0040513          	addi	a0,s0,-1024
     e9c:	02d11023          	sh	a3,32(sp)
     ea0:	02e11123          	sh	a4,34(sp)
     ea4:	d202                	sw	zero,36(sp)
     ea6:	d402                	sw	zero,40(sp)
     ea8:	6a9000ef          	jal	ra,1d50 <TIM_OC2Init>
     eac:	45a1                	li	a1,8
     eae:	c0040513          	addi	a0,s0,-1024
     eb2:	783000ef          	jal	ra,1e34 <TIM_OC2PreloadConfig>
     eb6:	4585                	li	a1,1
     eb8:	c0040513          	addi	a0,s0,-1024
     ebc:	75f000ef          	jal	ra,1e1a <TIM_ARRPreloadConfig>
     ec0:	4585                	li	a1,1
     ec2:	c0040513          	addi	a0,s0,-1024
     ec6:	739000ef          	jal	ra,1dfe <TIM_CtrlPWMOutputs>
     eca:	4585                	li	a1,1
     ecc:	c0040513          	addi	a0,s0,-1024
     ed0:	717000ef          	jal	ra,1de6 <TIM_Cmd>
     ed4:	88c18513          	addi	a0,gp,-1908 # 200000d4 <motorPwm>
     ed8:	4581                	li	a1,0
     eda:	3565                	jal	d82 <Pwm::setDutyPercent(unsigned char)>
     edc:	007a1637          	lui	a2,0x7a1
     ee0:	88c18513          	addi	a0,gp,-1908 # 200000d4 <motorPwm>
     ee4:	20060613          	addi	a2,a2,512 # 7a1200 <_data_lma+0x79e7b8>
     ee8:	03200593          	li	a1,50
     eec:	3df9                	jal	dca <Pwm::setFrequency(unsigned long, unsigned long)>
     eee:	c0045783          	lhu	a5,-1024(s0)
     ef2:	8b85                	andi	a5,a5,1
     ef4:	c391                	beqz	a5,ef8 <Motor_Init()+0xe8>
     ef6:	3589                	jal	d38 <Pwm::disable() [clone .isra.2] [clone .part.3]>
     ef8:	8601ae23          	sw	zero,-1924(gp) # 200000c4 <motor_state>
     efc:	8801a423          	sw	zero,-1912(gp) # 200000d0 <motor_cmd>
     f00:	02c10113          	addi	sp,sp,44
     f04:	9b2ff06f          	j	b6 <__riscv_restore_0>

00000f08 <Motor_Stop>:
     f08:	4709                	li	a4,2
     f0a:	88e1a423          	sw	a4,-1912(gp) # 200000d0 <motor_cmd>
     f0e:	8082                	ret

00000f10 <Motor_Toggle>:
     f10:	87c1a703          	lw	a4,-1924(gp) # 200000c4 <motor_state>
     f14:	88818793          	addi	a5,gp,-1912 # 200000d0 <motor_cmd>
     f18:	e701                	bnez	a4,f20 <Motor_Toggle+0x10>
     f1a:	4705                	li	a4,1
     f1c:	c398                	sw	a4,0(a5)
     f1e:	8082                	ret
     f20:	4709                	li	a4,2
     f22:	bfed                	j	f1c <Motor_Toggle+0xc>

00000f24 <Motor_isStop>:
     f24:	87c1a503          	lw	a0,-1924(gp) # 200000c4 <motor_state>
     f28:	00153513          	seqz	a0,a0
     f2c:	8082                	ret

00000f2e <Motor_Tick>:
     f2e:	97eff2ef          	jal	t0,ac <__riscv_save_0>
     f32:	88818793          	addi	a5,gp,-1912 # 200000d0 <motor_cmd>
     f36:	4398                	lw	a4,0(a5)
     f38:	1151                	addi	sp,sp,-12
     f3a:	87c18413          	addi	s0,gp,-1924 # 200000c4 <motor_state>
     f3e:	cb11                	beqz	a4,f52 <Motor_Tick+0x24>
     f40:	4398                	lw	a4,0(a5)
     f42:	0007a023          	sw	zero,0(a5)
     f46:	4785                	li	a5,1
     f48:	00f70f63          	beq	a4,a5,f66 <Motor_Tick+0x38>
     f4c:	4789                	li	a5,2
     f4e:	0ef70063          	beq	a4,a5,102e <Motor_Tick+0x100>
     f52:	401c                	lw	a5,0(s0)
     f54:	4705                	li	a4,1
     f56:	0ee78a63          	beq	a5,a4,104a <Motor_Tick+0x11c>
     f5a:	4709                	li	a4,2
     f5c:	14e78263          	beq	a5,a4,10a0 <Motor_Tick+0x172>
     f60:	0131                	addi	sp,sp,12
     f62:	954ff06f          	j	b6 <__riscv_restore_0>
     f66:	401c                	lw	a5,0(s0)
     f68:	f7ed                	bnez	a5,f52 <Motor_Tick+0x24>
     f6a:	400137b7          	lui	a5,0x40013
     f6e:	c0078493          	addi	s1,a5,-1024 # 40012c00 <__global_pointer$+0x200123b8>
     f72:	c007d783          	lhu	a5,-1024(a5)
     f76:	8b85                	andi	a5,a5,1
     f78:	e795                	bnez	a5,fa4 <Motor_Tick+0x76>
     f7a:	4791                	li	a5,4
     f7c:	807c                	sh	a5,0(sp)
     f7e:	40011537          	lui	a0,0x40011
     f82:	47e1                	li	a5,24
     f84:	c43e                	sw	a5,8(sp)
     f86:	858a                	mv	a1,sp
     f88:	478d                	li	a5,3
     f8a:	80050513          	addi	a0,a0,-2048 # 40010800 <__global_pointer$+0x2000ffb8>
     f8e:	c23e                	sw	a5,4(sp)
     f90:	1e1000ef          	jal	ra,1970 <GPIO_Init>
     f94:	4585                	li	a1,1
     f96:	8526                	mv	a0,s1
     f98:	667000ef          	jal	ra,1dfe <TIM_CtrlPWMOutputs>
     f9c:	4585                	li	a1,1
     f9e:	8526                	mv	a0,s1
     fa0:	647000ef          	jal	ra,1de6 <TIM_Cmd>
     fa4:	82c18713          	addi	a4,gp,-2004 # 20000074 <eeprom_boostEnable>
     fa8:	2754                	lbu	a3,12(a4)
     faa:	007a1637          	lui	a2,0x7a1
     fae:	20060613          	addi	a2,a2,512 # 7a1200 <_data_lma+0x79e7b8>
     fb2:	c681                	beqz	a3,fba <Motor_Tick+0x8c>
     fb4:	00e71703          	lh	a4,14(a4)
     fb8:	e715                	bnez	a4,fe4 <Motor_Tick+0xb6>
     fba:	3e800593          	li	a1,1000
     fbe:	88c18513          	addi	a0,gp,-1908 # 200000d4 <motorPwm>
     fc2:	3521                	jal	dca <Pwm::setFrequency(unsigned long, unsigned long)>
     fc4:	86c1a583          	lw	a1,-1940(gp) # 200000b4 <motor_volume>
     fc8:	06400713          	li	a4,100
     fcc:	00b75463          	bge	a4,a1,fd4 <Motor_Tick+0xa6>
     fd0:	06400593          	li	a1,100
     fd4:	0ff5f593          	andi	a1,a1,255
     fd8:	88c18513          	addi	a0,gp,-1908 # 200000d4 <motorPwm>
     fdc:	335d                	jal	d82 <Pwm::setDutyPercent(unsigned char)>
     fde:	4789                	li	a5,2
     fe0:	c01c                	sw	a5,0(s0)
     fe2:	bf85                	j	f52 <Motor_Tick+0x24>
     fe4:	03200593          	li	a1,50
     fe8:	88c18513          	addi	a0,gp,-1908 # 200000d4 <motorPwm>
     fec:	3bf9                	jal	dca <Pwm::setFrequency(unsigned long, unsigned long)>
     fee:	83c18713          	addi	a4,gp,-1988 # 20000084 <eeprom_boostPower>
     ff2:	2754                	lbu	a3,12(a4)
     ff4:	4581                	li	a1,0
     ff6:	c291                	beqz	a3,ffa <Motor_Tick+0xcc>
     ff8:	276e                	lhu	a1,14(a4)
     ffa:	86c1a703          	lw	a4,-1940(gp) # 200000b4 <motor_volume>
     ffe:	95ba                	add	a1,a1,a4
    1000:	06400713          	li	a4,100
    1004:	00b75463          	bge	a4,a1,100c <Motor_Tick+0xde>
    1008:	06400593          	li	a1,100
    100c:	0ff5f593          	andi	a1,a1,255
    1010:	88c18513          	addi	a0,gp,-1908 # 200000d4 <motorPwm>
    1014:	33bd                	jal	d82 <Pwm::setDutyPercent(unsigned char)>
    1016:	200007b7          	lui	a5,0x20000
    101a:	04878793          	addi	a5,a5,72 # 20000048 <_edata>
    101e:	4390                	lw	a2,0(a5)
    1020:	43d4                	lw	a3,4(a5)
    1022:	88018793          	addi	a5,gp,-1920 # 200000c8 <boost_start_time>
    1026:	c390                	sw	a2,0(a5)
    1028:	c3d4                	sw	a3,4(a5)
    102a:	4785                	li	a5,1
    102c:	bf55                	j	fe0 <Motor_Tick+0xb2>
    102e:	4581                	li	a1,0
    1030:	88c18513          	addi	a0,gp,-1908 # 200000d4 <motorPwm>
    1034:	33b9                	jal	d82 <Pwm::setDutyPercent(unsigned char)>
    1036:	400137b7          	lui	a5,0x40013
    103a:	c007d783          	lhu	a5,-1024(a5) # 40012c00 <__global_pointer$+0x200123b8>
    103e:	8b85                	andi	a5,a5,1
    1040:	c391                	beqz	a5,1044 <Motor_Tick+0x116>
    1042:	39dd                	jal	d38 <Pwm::disable() [clone .isra.2] [clone .part.3]>
    1044:	00042023          	sw	zero,0(s0)
    1048:	b729                	j	f52 <Motor_Tick+0x24>
    104a:	84c18793          	addi	a5,gp,-1972 # 20000094 <eeprom_boostTime>
    104e:	27d8                	lbu	a4,12(a5)
    1050:	c715                	beqz	a4,107c <Motor_Tick+0x14e>
    1052:	27f2                	lhu	a2,14(a5)
    1054:	200007b7          	lui	a5,0x20000
    1058:	04878793          	addi	a5,a5,72 # 20000048 <_edata>
    105c:	88018693          	addi	a3,gp,-1920 # 200000c8 <boost_start_time>
    1060:	4398                	lw	a4,0(a5)
    1062:	43cc                	lw	a1,4(a5)
    1064:	429c                	lw	a5,0(a3)
    1066:	42d4                	lw	a3,4(a3)
    1068:	40f707b3          	sub	a5,a4,a5
    106c:	00f73733          	sltu	a4,a4,a5
    1070:	40d586b3          	sub	a3,a1,a3
    1074:	00e69463          	bne	a3,a4,107c <Motor_Tick+0x14e>
    1078:	eec7e4e3          	bltu	a5,a2,f60 <Motor_Tick+0x32>
    107c:	007a1637          	lui	a2,0x7a1
    1080:	6585                	lui	a1,0x1
    1082:	20060613          	addi	a2,a2,512 # 7a1200 <_data_lma+0x79e7b8>
    1086:	38858593          	addi	a1,a1,904 # 1388 <uniScreen(uEeprom*, char*, unsigned char)+0x56>
    108a:	88c18513          	addi	a0,gp,-1908 # 200000d4 <motorPwm>
    108e:	3b35                	jal	dca <Pwm::setFrequency(unsigned long, unsigned long)>
    1090:	86c1c583          	lbu	a1,-1940(gp) # 200000b4 <motor_volume>
    1094:	88c18513          	addi	a0,gp,-1908 # 200000d4 <motorPwm>
    1098:	31ed                	jal	d82 <Pwm::setDutyPercent(unsigned char)>
    109a:	4789                	li	a5,2
    109c:	c01c                	sw	a5,0(s0)
    109e:	b5c9                	j	f60 <Motor_Tick+0x32>
    10a0:	86c1a583          	lw	a1,-1940(gp) # 200000b4 <motor_volume>
    10a4:	06400793          	li	a5,100
    10a8:	00b7d463          	bge	a5,a1,10b0 <Motor_Tick+0x182>
    10ac:	06400593          	li	a1,100
    10b0:	0ff5f593          	andi	a1,a1,255
    10b4:	88c18513          	addi	a0,gp,-1908 # 200000d4 <motorPwm>
    10b8:	31e9                	jal	d82 <Pwm::setDutyPercent(unsigned char)>
    10ba:	b55d                	j	f60 <Motor_Tick+0x32>

000010bc <Motor_SetPower(unsigned char)>:
    10bc:	87c1a703          	lw	a4,-1924(gp) # 200000c4 <motor_state>
    10c0:	4789                	li	a5,2
    10c2:	00f71b63          	bne	a4,a5,10d8 <Motor_SetPower(unsigned char)+0x1c>
    10c6:	fe7fe2ef          	jal	t0,ac <__riscv_save_0>
    10ca:	85aa                	mv	a1,a0
    10cc:	88c18513          	addi	a0,gp,-1908 # 200000d4 <motorPwm>
    10d0:	cb3ff0ef          	jal	ra,d82 <Pwm::setDutyPercent(unsigned char)>
    10d4:	fe3fe06f          	j	b6 <__riscv_restore_0>
    10d8:	8082                	ret

000010da <_GLOBAL__sub_I_motorPwm>:
    10da:	00320737          	lui	a4,0x320
    10de:	88c18793          	addi	a5,gp,-1908 # 200000d4 <motorPwm>
    10e2:	06470713          	addi	a4,a4,100 # 320064 <_data_lma+0x31d61c>
    10e6:	c398                	sw	a4,0(a5)
    10e8:	00079223          	sh	zero,4(a5)
    10ec:	8082                	ret

000010ee <uEeprom::set(unsigned short)>:
    10ee:	255c                	lbu	a5,12(a0)
    10f0:	cb99                	beqz	a5,1106 <uEeprom::set(unsigned short)+0x18>
    10f2:	213e                	lhu	a5,2(a0)
    10f4:	00f5e863          	bltu	a1,a5,1104 <uEeprom::set(unsigned short)+0x16>
    10f8:	215e                	lhu	a5,4(a0)
    10fa:	00f5f363          	bgeu	a1,a5,1100 <uEeprom::set(unsigned short)+0x12>
    10fe:	87ae                	mv	a5,a1
    1100:	07c2                	slli	a5,a5,0x10
    1102:	83c1                	srli	a5,a5,0x10
    1104:	a57e                	sh	a5,14(a0)
    1106:	8082                	ret

00001108 <uEeprom::save()>:
    1108:	2550                	lbu	a2,12(a0)
    110a:	e219                	bnez	a2,1110 <uEeprom::save()+0x8>
    110c:	4509                	li	a0,2
    110e:	8082                	ret
    1110:	f9dfe2ef          	jal	t0,ac <__riscv_save_0>
    1114:	211e                	lhu	a5,0(a0)
    1116:	08004737          	lui	a4,0x8004
    111a:	c0070413          	addi	s0,a4,-1024 # 8003c00 <_data_lma+0x80011b8>
    111e:	079a                	slli	a5,a5,0x6
    1120:	943e                	add	s0,s0,a5
    1122:	00e51583          	lh	a1,14(a0)
    1126:	2016                	lhu	a3,0(s0)
    1128:	1161                	addi	sp,sp,-8
    112a:	c232                	sw	a2,4(sp)
    112c:	c03e                	sw	a5,0(sp)
    112e:	84aa                	mv	s1,a0
    1130:	4511                	li	a0,4
    1132:	04d58f63          	beq	a1,a3,1190 <uEeprom::save()+0x88>
    1136:	744000ef          	jal	ra,187a <FLASH_Unlock>
    113a:	7d4000ef          	jal	ra,190e <FLASH_Unlock_Fast>
    113e:	8522                	mv	a0,s0
    1140:	7fa000ef          	jal	ra,193a <FLASH_ErasePage_Fast>
    1144:	7e8000ef          	jal	ra,192c <FLASH_Lock_Fast>
    1148:	74c000ef          	jal	ra,1894 <FLASH_Lock>
    114c:	4782                	lw	a5,0(sp)
    114e:	08004737          	lui	a4,0x8004
    1152:	4612                	lw	a2,4(sp)
    1154:	c4070713          	addi	a4,a4,-960 # 8003c40 <_data_lma+0x80011f8>
    1158:	65c1                	lui	a1,0x10
    115a:	973e                	add	a4,a4,a5
    115c:	86a2                	mv	a3,s0
    115e:	15fd                	addi	a1,a1,-1
    1160:	228a                	lhu	a0,0(a3)
    1162:	00a58363          	beq	a1,a0,1168 <uEeprom::save()+0x60>
    1166:	4601                	li	a2,0
    1168:	0689                	addi	a3,a3,2
    116a:	fee69be3          	bne	a3,a4,1160 <uEeprom::save()+0x58>
    116e:	c23e                	sw	a5,4(sp)
    1170:	4509                	li	a0,2
    1172:	ce19                	beqz	a2,1190 <uEeprom::save()+0x88>
    1174:	706000ef          	jal	ra,187a <FLASH_Unlock>
    1178:	24ee                	lhu	a1,14(s1)
    117a:	8522                	mv	a0,s0
    117c:	75e000ef          	jal	ra,18da <FLASH_ProgramHalfWord>
    1180:	4711                	li	a4,4
    1182:	c02a                	sw	a0,0(sp)
    1184:	4792                	lw	a5,4(sp)
    1186:	00e50863          	beq	a0,a4,1196 <uEeprom::save()+0x8e>
    118a:	70a000ef          	jal	ra,1894 <FLASH_Lock>
    118e:	4502                	lw	a0,0(sp)
    1190:	0121                	addi	sp,sp,8
    1192:	f25fe06f          	j	b6 <__riscv_restore_0>
    1196:	08004737          	lui	a4,0x8004
    119a:	c0270713          	addi	a4,a4,-1022 # 8003c02 <_data_lma+0x80011ba>
    119e:	24ee                	lhu	a1,14(s1)
    11a0:	97ba                	add	a5,a5,a4
    11a2:	853e                	mv	a0,a5
    11a4:	c23e                	sw	a5,4(sp)
    11a6:	734000ef          	jal	ra,18da <FLASH_ProgramHalfWord>
    11aa:	c02a                	sw	a0,0(sp)
    11ac:	6e8000ef          	jal	ra,1894 <FLASH_Lock>
    11b0:	4792                	lw	a5,4(sp)
    11b2:	201a                	lhu	a4,0(s0)
    11b4:	239e                	lhu	a5,0(a5)
    11b6:	bfe1                	j	118e <uEeprom::save()+0x86>

000011b8 <beep(int)>:
    11b8:	ef5fe2ef          	jal	t0,ac <__riscv_save_0>
    11bc:	84aa                	mv	s1,a0
    11be:	3e800513          	li	a0,1000
    11c2:	583000ef          	jal	ra,1f44 <delay>
    11c6:	4401                	li	s0,0
    11c8:	02945663          	bge	s0,s1,11f4 <beep(int)+0x3c>
    11cc:	4605                	li	a2,1
    11ce:	4591                	li	a1,4
    11d0:	40011537          	lui	a0,0x40011
    11d4:	023000ef          	jal	ra,19f6 <GPIO_WriteBit>
    11d8:	97aff0ef          	jal	ra,352 <buzzer_warning>
    11dc:	4601                	li	a2,0
    11de:	4591                	li	a1,4
    11e0:	40011537          	lui	a0,0x40011
    11e4:	013000ef          	jal	ra,19f6 <GPIO_WriteBit>
    11e8:	0c800513          	li	a0,200
    11ec:	559000ef          	jal	ra,1f44 <delay>
    11f0:	0405                	addi	s0,s0,1
    11f2:	bfd9                	j	11c8 <beep(int)+0x10>
    11f4:	ec3fe06f          	j	b6 <__riscv_restore_0>

000011f8 <ScreenNormal>:
    11f8:	eb5fe2ef          	jal	t0,ac <__riscv_save_0>
    11fc:	d29ff0ef          	jal	ra,f24 <Motor_isStop>
    1200:	4601                	li	a2,0
    1202:	e111                	bnez	a0,1206 <ScreenNormal+0xe>
    1204:	4605                	li	a2,1
    1206:	4591                	li	a1,4
    1208:	40011537          	lui	a0,0x40011
    120c:	7ea000ef          	jal	ra,19f6 <GPIO_WriteBit>
    1210:	20000437          	lui	s0,0x20000
    1214:	05840793          	addi	a5,s0,88 # 20000058 <b>
    1218:	2bb8                	lbu	a4,18(a5)
    121a:	4785                	li	a5,1
    121c:	05840413          	addi	s0,s0,88
    1220:	00f71663          	bne	a4,a5,122c <ScreenNormal+0x34>
    1224:	968ff0ef          	jal	ra,38c <buzzer_ios_click>
    1228:	ce9ff0ef          	jal	ra,f10 <Motor_Toggle>
    122c:	2838                	lbu	a4,18(s0)
    122e:	4791                	li	a5,4
    1230:	00f71e63          	bne	a4,a5,124c <ScreenNormal+0x54>
    1234:	00003537          	lui	a0,0x3
    1238:	9e050513          	addi	a0,a0,-1568 # 29e0 <puts+0x276>
    123c:	52e010ef          	jal	ra,276a <puts>
    1240:	95aff0ef          	jal	ra,39a <buzzer_startup>
    1244:	8801aa23          	sw	zero,-1900(gp) # 200000dc <ScreenNormal::step>
    1248:	cc1ff0ef          	jal	ra,f08 <Motor_Stop>
    124c:	2838                	lbu	a4,18(s0)
    124e:	479d                	li	a5,7
    1250:	02f71863          	bne	a4,a5,1280 <ScreenNormal+0x88>
    1254:	89418793          	addi	a5,gp,-1900 # 200000dc <ScreenNormal::step>
    1258:	4398                	lw	a4,0(a5)
    125a:	0705                	addi	a4,a4,1
    125c:	c398                	sw	a4,0(a5)
    125e:	92eff0ef          	jal	ra,38c <buzzer_ios_click>
    1262:	4605                	li	a2,1
    1264:	4591                	li	a1,4
    1266:	40011537          	lui	a0,0x40011
    126a:	78c000ef          	jal	ra,19f6 <GPIO_WriteBit>
    126e:	4515                	li	a0,5
    1270:	4d5000ef          	jal	ra,1f44 <delay>
    1274:	4601                	li	a2,0
    1276:	4591                	li	a1,4
    1278:	40011537          	lui	a0,0x40011
    127c:	77a000ef          	jal	ra,19f6 <GPIO_WriteBit>
    1280:	2838                	lbu	a4,18(s0)
    1282:	47a5                	li	a5,9
    1284:	04f71563          	bne	a4,a5,12ce <ScreenNormal+0xd6>
    1288:	8941a783          	lw	a5,-1900(gp) # 200000dc <ScreenNormal::step>
    128c:	4705                	li	a4,1
    128e:	89418493          	addi	s1,gp,-1900 # 200000dc <ScreenNormal::step>
    1292:	00e79663          	bne	a5,a4,129e <ScreenNormal+0xa6>
    1296:	4505                	li	a0,1
    1298:	86f1ac23          	sw	a5,-1928(gp) # 200000c0 <screen>
    129c:	3f31                	jal	11b8 <beep(int)>
    129e:	409c                	lw	a5,0(s1)
    12a0:	4709                	li	a4,2
    12a2:	00e79663          	bne	a5,a4,12ae <ScreenNormal+0xb6>
    12a6:	4509                	li	a0,2
    12a8:	86f1ac23          	sw	a5,-1928(gp) # 200000c0 <screen>
    12ac:	3731                	jal	11b8 <beep(int)>
    12ae:	409c                	lw	a5,0(s1)
    12b0:	470d                	li	a4,3
    12b2:	00e79663          	bne	a5,a4,12be <ScreenNormal+0xc6>
    12b6:	450d                	li	a0,3
    12b8:	86f1ac23          	sw	a5,-1928(gp) # 200000c0 <screen>
    12bc:	3df5                	jal	11b8 <beep(int)>
    12be:	409c                	lw	a5,0(s1)
    12c0:	4711                	li	a4,4
    12c2:	00e79663          	bne	a5,a4,12ce <ScreenNormal+0xd6>
    12c6:	4511                	li	a0,4
    12c8:	86f1ac23          	sw	a5,-1928(gp) # 200000c0 <screen>
    12cc:	35f5                	jal	11b8 <beep(int)>
    12ce:	2838                	lbu	a4,18(s0)
    12d0:	47a9                	li	a5,10
    12d2:	00f71863          	bne	a4,a5,12e2 <ScreenNormal+0xea>
    12d6:	4601                	li	a2,0
    12d8:	4591                	li	a1,4
    12da:	40011537          	lui	a0,0x40011
    12de:	718000ef          	jal	ra,19f6 <GPIO_WriteBit>
    12e2:	283c                	lbu	a5,18(s0)
    12e4:	4731                	li	a4,12
    12e6:	02e79c63          	bne	a5,a4,131e <ScreenNormal+0x126>
    12ea:	3838                	lbu	a4,19(s0)
    12ec:	4795                	li	a5,5
    12ee:	04f71063          	bne	a4,a5,132e <ScreenNormal+0x136>
    12f2:	8ccff0ef          	jal	ra,3be <buzzer_shutdown>
    12f6:	8c8ff0ef          	jal	ra,3be <buzzer_shutdown>
    12fa:	8c4ff0ef          	jal	ra,3be <buzzer_shutdown>
    12fe:	8c0ff0ef          	jal	ra,3be <buzzer_shutdown>
    1302:	08800793          	li	a5,136
    1306:	3007b073          	csrc	mstatus,a5
    130a:	0000100f          	fence.i
    130e:	beef07b7          	lui	a5,0xbeef0
    1312:	e000e737          	lui	a4,0xe000e
    1316:	08078793          	addi	a5,a5,128 # beef0080 <__global_pointer$+0x9eeef838>
    131a:	c73c                	sw	a5,72(a4)
    131c:	a001                	j	131c <ScreenNormal+0x124>
    131e:	4739                	li	a4,14
    1320:	00e79763          	bne	a5,a4,132e <ScreenNormal+0x136>
    1324:	c01ff0ef          	jal	ra,f24 <Motor_isStop>
    1328:	c119                	beqz	a0,132e <ScreenNormal+0x136>
    132a:	cacff0ef          	jal	ra,7d6 <gotoDeepSleep>
    132e:	d89fe06f          	j	b6 <__riscv_restore_0>

00001332 <uniScreen(uEeprom*, char*, unsigned char)>:
    1332:	d7bfe2ef          	jal	t0,ac <__riscv_save_0>
    1336:	255c                	lbu	a5,12(a0)
    1338:	1151                	addi	sp,sp,-12
    133a:	c02a                	sw	a0,0(sp)
    133c:	c42e                	sw	a1,8(sp)
    133e:	c232                	sw	a2,4(sp)
    1340:	4481                	li	s1,0
    1342:	c391                	beqz	a5,1346 <uniScreen(uEeprom*, char*, unsigned char)+0x14>
    1344:	2566                	lhu	s1,14(a0)
    1346:	20000437          	lui	s0,0x20000
    134a:	05840793          	addi	a5,s0,88 # 20000058 <b>
    134e:	2bb8                	lbu	a4,18(a5)
    1350:	4789                	li	a5,2
    1352:	05840413          	addi	s0,s0,88
    1356:	00f71a63          	bne	a4,a5,136a <uniScreen(uEeprom*, char*, unsigned char)+0x38>
    135a:	00003537          	lui	a0,0x3
    135e:	9e850513          	addi	a0,a0,-1560 # 29e8 <puts+0x27e>
    1362:	408010ef          	jal	ra,276a <puts>
    1366:	826ff0ef          	jal	ra,38c <buzzer_ios_click>
    136a:	2838                	lbu	a4,18(s0)
    136c:	47b1                	li	a5,12
    136e:	10f71f63          	bne	a4,a5,148c <uniScreen(uEeprom*, char*, unsigned char)+0x15a>
    1372:	4592                	lw	a1,4(sp)
    1374:	8526                	mv	a0,s1
    1376:	d63fe0ef          	jal	ra,d8 <__divsi3>
    137a:	3830                	lbu	a2,19(s0)
    137c:	45a2                	lw	a1,8(sp)
    137e:	84aa                	mv	s1,a0
    1380:	00003537          	lui	a0,0x3
    1384:	9f050513          	addi	a0,a0,-1552 # 29f0 <puts+0x286>
    1388:	3be010ef          	jal	ra,2746 <printf>
    138c:	3838                	lbu	a4,19(s0)
    138e:	4785                	li	a5,1
    1390:	02f71b63          	bne	a4,a5,13c6 <uniScreen(uEeprom*, char*, unsigned char)+0x94>
    1394:	0485                	addi	s1,s1,1
    1396:	47d1                	li	a5,20
    1398:	0c97d963          	bge	a5,s1,146a <uniScreen(uEeprom*, char*, unsigned char)+0x138>
    139c:	846ff0ef          	jal	ra,3e2 <beep_Increment_Max>
    13a0:	44d1                	li	s1,20
    13a2:	4512                	lw	a0,4(sp)
    13a4:	85a6                	mv	a1,s1
    13a6:	d1bfe0ef          	jal	ra,c0 <__mulsi3>
    13aa:	01051593          	slli	a1,a0,0x10
    13ae:	4502                	lw	a0,0(sp)
    13b0:	81c1                	srli	a1,a1,0x10
    13b2:	d3dff0ef          	jal	ra,10ee <uEeprom::set(unsigned short)>
    13b6:	382c                	lbu	a1,19(s0)
    13b8:	00003537          	lui	a0,0x3
    13bc:	8626                	mv	a2,s1
    13be:	a0050513          	addi	a0,a0,-1536 # 2a00 <puts+0x296>
    13c2:	384010ef          	jal	ra,2746 <printf>
    13c6:	3838                	lbu	a4,19(s0)
    13c8:	4789                	li	a5,2
    13ca:	00f71f63          	bne	a4,a5,13e8 <uniScreen(uEeprom*, char*, unsigned char)+0xb6>
    13ce:	8601ac23          	sw	zero,-1928(gp) # 200000c0 <screen>
    13d2:	fedfe0ef          	jal	ra,3be <buzzer_shutdown>
    13d6:	4601                	li	a2,0
    13d8:	4591                	li	a1,4
    13da:	40011537          	lui	a0,0x40011
    13de:	000408a3          	sb	zero,17(s0)
    13e2:	00041923          	sh	zero,18(s0)
    13e6:	2d01                	jal	19f6 <GPIO_WriteBit>
    13e8:	3838                	lbu	a4,19(s0)
    13ea:	478d                	li	a5,3
    13ec:	02f71a63          	bne	a4,a5,1420 <uniScreen(uEeprom*, char*, unsigned char)+0xee>
    13f0:	4785                	li	a5,1
    13f2:	0697df63          	bge	a5,s1,1470 <uniScreen(uEeprom*, char*, unsigned char)+0x13e>
    13f6:	14fd                	addi	s1,s1,-1
    13f8:	f6bfe0ef          	jal	ra,362 <buzzer_click>
    13fc:	4512                	lw	a0,4(sp)
    13fe:	85a6                	mv	a1,s1
    1400:	cc1fe0ef          	jal	ra,c0 <__mulsi3>
    1404:	01051593          	slli	a1,a0,0x10
    1408:	4502                	lw	a0,0(sp)
    140a:	81c1                	srli	a1,a1,0x10
    140c:	ce3ff0ef          	jal	ra,10ee <uEeprom::set(unsigned short)>
    1410:	382c                	lbu	a1,19(s0)
    1412:	00003537          	lui	a0,0x3
    1416:	8626                	mv	a2,s1
    1418:	a1850513          	addi	a0,a0,-1512 # 2a18 <puts+0x2ae>
    141c:	32a010ef          	jal	ra,2746 <printf>
    1420:	3838                	lbu	a4,19(s0)
    1422:	4791                	li	a5,4
    1424:	04f71963          	bne	a4,a5,1476 <uniScreen(uEeprom*, char*, unsigned char)+0x144>
    1428:	00003537          	lui	a0,0x3
    142c:	a3050513          	addi	a0,a0,-1488 # 2a30 <puts+0x2c6>
    1430:	33a010ef          	jal	ra,276a <puts>
    1434:	3e800513          	li	a0,1000
    1438:	30d000ef          	jal	ra,1f44 <delay>
    143c:	4781                	li	a5,0
    143e:	c23e                	sw	a5,4(sp)
    1440:	02f48b63          	beq	s1,a5,1476 <uniScreen(uEeprom*, char*, unsigned char)+0x144>
    1444:	4605                	li	a2,1
    1446:	4591                	li	a1,4
    1448:	40011537          	lui	a0,0x40011
    144c:	236d                	jal	19f6 <GPIO_WriteBit>
    144e:	f25fe0ef          	jal	ra,372 <buzzer_beepboop>
    1452:	4601                	li	a2,0
    1454:	4591                	li	a1,4
    1456:	40011537          	lui	a0,0x40011
    145a:	2b71                	jal	19f6 <GPIO_WriteBit>
    145c:	12c00513          	li	a0,300
    1460:	2e5000ef          	jal	ra,1f44 <delay>
    1464:	4792                	lw	a5,4(sp)
    1466:	0785                	addi	a5,a5,1
    1468:	bfd9                	j	143e <uniScreen(uEeprom*, char*, unsigned char)+0x10c>
    146a:	ef9fe0ef          	jal	ra,362 <buzzer_click>
    146e:	bf15                	j	13a2 <uniScreen(uEeprom*, char*, unsigned char)+0x70>
    1470:	fb3fe0ef          	jal	ra,422 <beep_Decrement_Min>
    1474:	b761                	j	13fc <uniScreen(uEeprom*, char*, unsigned char)+0xca>
    1476:	3838                	lbu	a4,19(s0)
    1478:	4795                	li	a5,5
    147a:	00f71963          	bne	a4,a5,148c <uniScreen(uEeprom*, char*, unsigned char)+0x15a>
    147e:	fe5fe0ef          	jal	ra,462 <beep_Save>
    1482:	fe1fe0ef          	jal	ra,462 <beep_Save>
    1486:	4502                	lw	a0,0(sp)
    1488:	c81ff0ef          	jal	ra,1108 <uEeprom::save()>
    148c:	0131                	addi	sp,sp,12
    148e:	c29fe06f          	j	b6 <__riscv_restore_0>

00001492 <ScreenBoostEnable>:
    1492:	c1bfe2ef          	jal	t0,ac <__riscv_save_0>
    1496:	82c18793          	addi	a5,gp,-2004 # 20000074 <eeprom_boostEnable>
    149a:	27dc                	lbu	a5,12(a5)
    149c:	c799                	beqz	a5,14aa <ScreenBoostEnable+0x18>
    149e:	82c18793          	addi	a5,gp,-2004 # 20000074 <eeprom_boostEnable>
    14a2:	00e79783          	lh	a5,14(a5)
    14a6:	4605                	li	a2,1
    14a8:	e391                	bnez	a5,14ac <ScreenBoostEnable+0x1a>
    14aa:	4601                	li	a2,0
    14ac:	4591                	li	a1,4
    14ae:	40011537          	lui	a0,0x40011
    14b2:	2391                	jal	19f6 <GPIO_WriteBit>
    14b4:	20000437          	lui	s0,0x20000
    14b8:	05840793          	addi	a5,s0,88 # 20000058 <b>
    14bc:	2bb8                	lbu	a4,18(a5)
    14be:	4789                	li	a5,2
    14c0:	05840413          	addi	s0,s0,88
    14c4:	00f71a63          	bne	a4,a5,14d8 <ScreenBoostEnable+0x46>
    14c8:	00003537          	lui	a0,0x3
    14cc:	9e850513          	addi	a0,a0,-1560 # 29e8 <puts+0x27e>
    14d0:	29a010ef          	jal	ra,276a <puts>
    14d4:	eb9fe0ef          	jal	ra,38c <buzzer_ios_click>
    14d8:	2838                	lbu	a4,18(s0)
    14da:	47b1                	li	a5,12
    14dc:	06f71b63          	bne	a4,a5,1552 <ScreenBoostEnable+0xc0>
    14e0:	382c                	lbu	a1,19(s0)
    14e2:	00003537          	lui	a0,0x3
    14e6:	9ac50513          	addi	a0,a0,-1620 # 29ac <puts+0x242>
    14ea:	25c010ef          	jal	ra,2746 <printf>
    14ee:	3838                	lbu	a4,19(s0)
    14f0:	4785                	li	a5,1
    14f2:	02f71363          	bne	a4,a5,1518 <ScreenBoostEnable+0x86>
    14f6:	82c18793          	addi	a5,gp,-2004 # 20000074 <eeprom_boostEnable>
    14fa:	27dc                	lbu	a5,12(a5)
    14fc:	c799                	beqz	a5,150a <ScreenBoostEnable+0x78>
    14fe:	82c18793          	addi	a5,gp,-2004 # 20000074 <eeprom_boostEnable>
    1502:	00e79783          	lh	a5,14(a5)
    1506:	4581                	li	a1,0
    1508:	e391                	bnez	a5,150c <ScreenBoostEnable+0x7a>
    150a:	4585                	li	a1,1
    150c:	82c18513          	addi	a0,gp,-2004 # 20000074 <eeprom_boostEnable>
    1510:	bdfff0ef          	jal	ra,10ee <uEeprom::set(unsigned short)>
    1514:	e25fe0ef          	jal	ra,338 <buzzer_ok>
    1518:	3838                	lbu	a4,19(s0)
    151a:	4789                	li	a5,2
    151c:	00f71f63          	bne	a4,a5,153a <ScreenBoostEnable+0xa8>
    1520:	8601ac23          	sw	zero,-1928(gp) # 200000c0 <screen>
    1524:	e9bfe0ef          	jal	ra,3be <buzzer_shutdown>
    1528:	4601                	li	a2,0
    152a:	4591                	li	a1,4
    152c:	40011537          	lui	a0,0x40011
    1530:	000408a3          	sb	zero,17(s0)
    1534:	00041923          	sh	zero,18(s0)
    1538:	297d                	jal	19f6 <GPIO_WriteBit>
    153a:	3838                	lbu	a4,19(s0)
    153c:	4795                	li	a5,5
    153e:	00f71a63          	bne	a4,a5,1552 <ScreenBoostEnable+0xc0>
    1542:	f21fe0ef          	jal	ra,462 <beep_Save>
    1546:	f1dfe0ef          	jal	ra,462 <beep_Save>
    154a:	82c18513          	addi	a0,gp,-2004 # 20000074 <eeprom_boostEnable>
    154e:	bbbff0ef          	jal	ra,1108 <uEeprom::save()>
    1552:	b65fe06f          	j	b6 <__riscv_restore_0>

00001556 <ScreenBoostPower>:
    1556:	b57fe2ef          	jal	t0,ac <__riscv_save_0>
    155a:	000035b7          	lui	a1,0x3
    155e:	4615                	li	a2,5
    1560:	9bc58593          	addi	a1,a1,-1604 # 29bc <puts+0x252>
    1564:	83c18513          	addi	a0,gp,-1988 # 20000084 <eeprom_boostPower>
    1568:	dcbff0ef          	jal	ra,1332 <uniScreen(uEeprom*, char*, unsigned char)>
    156c:	b4bfe06f          	j	b6 <__riscv_restore_0>

00001570 <ScreenBoostTime>:
    1570:	b3dfe2ef          	jal	t0,ac <__riscv_save_0>
    1574:	000035b7          	lui	a1,0x3
    1578:	03200613          	li	a2,50
    157c:	9d058593          	addi	a1,a1,-1584 # 29d0 <puts+0x266>
    1580:	84c18513          	addi	a0,gp,-1972 # 20000094 <eeprom_boostTime>
    1584:	dafff0ef          	jal	ra,1332 <uniScreen(uEeprom*, char*, unsigned char)>
    1588:	b2ffe06f          	j	b6 <__riscv_restore_0>

0000158c <SystemInit>:
    158c:	b21fe2ef          	jal	t0,ac <__riscv_save_0>
    1590:	40021437          	lui	s0,0x40021
    1594:	401c                	lw	a5,0(s0)
    1596:	f8ff0737          	lui	a4,0xf8ff0
    159a:	4541                	li	a0,16
    159c:	0017e793          	ori	a5,a5,1
    15a0:	c01c                	sw	a5,0(s0)
    15a2:	405c                	lw	a5,4(s0)
    15a4:	8ff9                	and	a5,a5,a4
    15a6:	c05c                	sw	a5,4(s0)
    15a8:	401c                	lw	a5,0(s0)
    15aa:	fef70737          	lui	a4,0xfef70
    15ae:	177d                	addi	a4,a4,-1
    15b0:	8ff9                	and	a5,a5,a4
    15b2:	c01c                	sw	a5,0(s0)
    15b4:	401c                	lw	a5,0(s0)
    15b6:	fffc0737          	lui	a4,0xfffc0
    15ba:	177d                	addi	a4,a4,-1
    15bc:	8ff9                	and	a5,a5,a4
    15be:	c01c                	sw	a5,0(s0)
    15c0:	405c                	lw	a5,4(s0)
    15c2:	7741                	lui	a4,0xffff0
    15c4:	177d                	addi	a4,a4,-1
    15c6:	8ff9                	and	a5,a5,a4
    15c8:	c05c                	sw	a5,4(s0)
    15ca:	009f07b7          	lui	a5,0x9f0
    15ce:	c41c                	sw	a5,8(s0)
    15d0:	2d01                	jal	1be0 <RCC_AdjustHSICalibrationValue>
    15d2:	4c1c                	lw	a5,24(s0)
    15d4:	0207e793          	ori	a5,a5,32
    15d8:	cc1c                	sw	a5,24(s0)
    15da:	400117b7          	lui	a5,0x40011
    15de:	4007a703          	lw	a4,1024(a5) # 40011400 <__global_pointer$+0x20010bb8>
    15e2:	40078693          	addi	a3,a5,1024
    15e6:	f0f77713          	andi	a4,a4,-241
    15ea:	40e7a023          	sw	a4,1024(a5)
    15ee:	4007a703          	lw	a4,1024(a5)
    15f2:	08076713          	ori	a4,a4,128
    15f6:	40e7a023          	sw	a4,1024(a5)
    15fa:	4789                	li	a5,2
    15fc:	ca9c                	sw	a5,16(a3)
    15fe:	400227b7          	lui	a5,0x40022
    1602:	4398                	lw	a4,0(a5)
    1604:	9b71                	andi	a4,a4,-4
    1606:	c398                	sw	a4,0(a5)
    1608:	4398                	lw	a4,0(a5)
    160a:	c398                	sw	a4,0(a5)
    160c:	405c                	lw	a5,4(s0)
    160e:	0207e793          	ori	a5,a5,32
    1612:	c05c                	sw	a5,4(s0)
    1614:	aa3fe06f          	j	b6 <__riscv_restore_0>

00001618 <SystemCoreClockUpdate>:
    1618:	a95fe2ef          	jal	t0,ac <__riscv_save_0>
    161c:	40021737          	lui	a4,0x40021
    1620:	435c                	lw	a5,4(a4)
    1622:	20000437          	lui	s0,0x20000
    1626:	4691                	li	a3,4
    1628:	8bb1                	andi	a5,a5,12
    162a:	01c40413          	addi	s0,s0,28 # 2000001c <SystemCoreClock>
    162e:	00d78563          	beq	a5,a3,1638 <SystemCoreClockUpdate+0x20>
    1632:	46a1                	li	a3,8
    1634:	04d78263          	beq	a5,a3,1678 <SystemCoreClockUpdate+0x60>
    1638:	016e37b7          	lui	a5,0x16e3
    163c:	60078793          	addi	a5,a5,1536 # 16e3600 <_data_lma+0x16e0bb8>
    1640:	c01c                	sw	a5,0(s0)
    1642:	400216b7          	lui	a3,0x40021
    1646:	42dc                	lw	a5,4(a3)
    1648:	4008                	lw	a0,0(s0)
    164a:	8391                	srli	a5,a5,0x4
    164c:	00f7f713          	andi	a4,a5,15
    1650:	200007b7          	lui	a5,0x20000
    1654:	00c78793          	addi	a5,a5,12 # 2000000c <_highcode_vma_end>
    1658:	97ba                	add	a5,a5,a4
    165a:	238c                	lbu	a1,0(a5)
    165c:	42dc                	lw	a5,4(a3)
    165e:	0ff5f593          	andi	a1,a1,255
    1662:	0807f793          	andi	a5,a5,128
    1666:	00b55733          	srl	a4,a0,a1
    166a:	e781                	bnez	a5,1672 <SystemCoreClockUpdate+0x5a>
    166c:	a75fe0ef          	jal	ra,e0 <__udivsi3>
    1670:	872a                	mv	a4,a0
    1672:	c018                	sw	a4,0(s0)
    1674:	a43fe06f          	j	b6 <__riscv_restore_0>
    1678:	435c                	lw	a5,4(a4)
    167a:	02dc77b7          	lui	a5,0x2dc7
    167e:	c0078793          	addi	a5,a5,-1024 # 2dc6c00 <_data_lma+0x2dc41b8>
    1682:	bf7d                	j	1640 <SystemCoreClockUpdate+0x28>

00001684 <ADC_DeInit>:
    1684:	400127b7          	lui	a5,0x40012
    1688:	40078793          	addi	a5,a5,1024 # 40012400 <__global_pointer$+0x20011bb8>
    168c:	00f51e63          	bne	a0,a5,16a8 <ADC_DeInit+0x24>
    1690:	a1dfe2ef          	jal	t0,ac <__riscv_save_0>
    1694:	4585                	li	a1,1
    1696:	20000513          	li	a0,512
    169a:	25a9                	jal	1ce4 <RCC_APB2PeriphResetCmd>
    169c:	4581                	li	a1,0
    169e:	20000513          	li	a0,512
    16a2:	2589                	jal	1ce4 <RCC_APB2PeriphResetCmd>
    16a4:	a13fe06f          	j	b6 <__riscv_restore_0>
    16a8:	8082                	ret

000016aa <ADC_Init>:
    16aa:	415c                	lw	a5,4(a0)
    16ac:	fff10737          	lui	a4,0xfff10
    16b0:	eff70713          	addi	a4,a4,-257 # fff0feff <__global_pointer$+0xdff0f6b7>
    16b4:	8f7d                	and	a4,a4,a5
    16b6:	41dc                	lw	a5,4(a1)
    16b8:	4194                	lw	a3,0(a1)
    16ba:	07a2                	slli	a5,a5,0x8
    16bc:	8fd5                	or	a5,a5,a3
    16be:	8fd9                	or	a5,a5,a4
    16c0:	c15c                	sw	a5,4(a0)
    16c2:	451c                	lw	a5,8(a0)
    16c4:	fff1f737          	lui	a4,0xfff1f
    16c8:	7fd70713          	addi	a4,a4,2045 # fff1f7fd <__global_pointer$+0xdff1efb5>
    16cc:	45d4                	lw	a3,12(a1)
    16ce:	8f7d                	and	a4,a4,a5
    16d0:	499c                	lw	a5,16(a1)
    16d2:	8fd5                	or	a5,a5,a3
    16d4:	4594                	lw	a3,8(a1)
    16d6:	0686                	slli	a3,a3,0x1
    16d8:	8fd5                	or	a5,a5,a3
    16da:	8fd9                	or	a5,a5,a4
    16dc:	c51c                	sw	a5,8(a0)
    16de:	555c                	lw	a5,44(a0)
    16e0:	ff100737          	lui	a4,0xff100
    16e4:	177d                	addi	a4,a4,-1
    16e6:	8f7d                	and	a4,a4,a5
    16e8:	29dc                	lbu	a5,20(a1)
    16ea:	17fd                	addi	a5,a5,-1
    16ec:	0ff7f793          	andi	a5,a5,255
    16f0:	07d2                	slli	a5,a5,0x14
    16f2:	8fd9                	or	a5,a5,a4
    16f4:	d55c                	sw	a5,44(a0)
    16f6:	8082                	ret

000016f8 <ADC_Cmd>:
    16f8:	451c                	lw	a5,8(a0)
    16fa:	c589                	beqz	a1,1704 <ADC_Cmd+0xc>
    16fc:	0017e793          	ori	a5,a5,1
    1700:	c51c                	sw	a5,8(a0)
    1702:	8082                	ret
    1704:	9bf9                	andi	a5,a5,-2
    1706:	bfed                	j	1700 <ADC_Cmd+0x8>

00001708 <ADC_ResetCalibration>:
    1708:	451c                	lw	a5,8(a0)
    170a:	0087e793          	ori	a5,a5,8
    170e:	c51c                	sw	a5,8(a0)
    1710:	8082                	ret

00001712 <ADC_GetResetCalibrationStatus>:
    1712:	4508                	lw	a0,8(a0)
    1714:	810d                	srli	a0,a0,0x3
    1716:	8905                	andi	a0,a0,1
    1718:	8082                	ret

0000171a <ADC_StartCalibration>:
    171a:	451c                	lw	a5,8(a0)
    171c:	0047e793          	ori	a5,a5,4
    1720:	c51c                	sw	a5,8(a0)
    1722:	8082                	ret

00001724 <ADC_GetCalibrationStatus>:
    1724:	4508                	lw	a0,8(a0)
    1726:	8109                	srli	a0,a0,0x2
    1728:	8905                	andi	a0,a0,1
    172a:	8082                	ret

0000172c <ADC_SoftwareStartConvCmd>:
    172c:	451c                	lw	a5,8(a0)
    172e:	c591                	beqz	a1,173a <ADC_SoftwareStartConvCmd+0xe>
    1730:	00500737          	lui	a4,0x500
    1734:	8fd9                	or	a5,a5,a4
    1736:	c51c                	sw	a5,8(a0)
    1738:	8082                	ret
    173a:	ffb00737          	lui	a4,0xffb00
    173e:	177d                	addi	a4,a4,-1
    1740:	8ff9                	and	a5,a5,a4
    1742:	bfd5                	j	1736 <ADC_SoftwareStartConvCmd+0xa>

00001744 <ADC_RegularChannelConfig>:
    1744:	47a5                	li	a5,9
    1746:	04b7f863          	bgeu	a5,a1,1796 <ADC_RegularChannelConfig+0x52>
    174a:	ff658713          	addi	a4,a1,-10
    174e:	00171793          	slli	a5,a4,0x1
    1752:	00c52283          	lw	t0,12(a0) # 4001100c <__global_pointer$+0x200107c4>
    1756:	97ba                	add	a5,a5,a4
    1758:	431d                	li	t1,7
    175a:	00f31333          	sll	t1,t1,a5
    175e:	fff34313          	not	t1,t1
    1762:	00537333          	and	t1,t1,t0
    1766:	00f697b3          	sll	a5,a3,a5
    176a:	0067e7b3          	or	a5,a5,t1
    176e:	c55c                	sw	a5,12(a0)
    1770:	4799                	li	a5,6
    1772:	04c7e363          	bltu	a5,a2,17b8 <ADC_RegularChannelConfig+0x74>
    1776:	167d                	addi	a2,a2,-1
    1778:	00261793          	slli	a5,a2,0x2
    177c:	963e                	add	a2,a2,a5
    177e:	5958                	lw	a4,52(a0)
    1780:	47fd                	li	a5,31
    1782:	00c797b3          	sll	a5,a5,a2
    1786:	fff7c793          	not	a5,a5
    178a:	8ff9                	and	a5,a5,a4
    178c:	00c595b3          	sll	a1,a1,a2
    1790:	8ddd                	or	a1,a1,a5
    1792:	d94c                	sw	a1,52(a0)
    1794:	8082                	ret
    1796:	00159793          	slli	a5,a1,0x1
    179a:	01052303          	lw	t1,16(a0)
    179e:	97ae                	add	a5,a5,a1
    17a0:	471d                	li	a4,7
    17a2:	00f71733          	sll	a4,a4,a5
    17a6:	fff74713          	not	a4,a4
    17aa:	00677733          	and	a4,a4,t1
    17ae:	00f697b3          	sll	a5,a3,a5
    17b2:	8f5d                	or	a4,a4,a5
    17b4:	c918                	sw	a4,16(a0)
    17b6:	bf6d                	j	1770 <ADC_RegularChannelConfig+0x2c>
    17b8:	47b1                	li	a5,12
    17ba:	02c7e263          	bltu	a5,a2,17de <ADC_RegularChannelConfig+0x9a>
    17be:	1665                	addi	a2,a2,-7
    17c0:	00261793          	slli	a5,a2,0x2
    17c4:	963e                	add	a2,a2,a5
    17c6:	5918                	lw	a4,48(a0)
    17c8:	47fd                	li	a5,31
    17ca:	00c797b3          	sll	a5,a5,a2
    17ce:	fff7c793          	not	a5,a5
    17d2:	8ff9                	and	a5,a5,a4
    17d4:	00c595b3          	sll	a1,a1,a2
    17d8:	8ddd                	or	a1,a1,a5
    17da:	d90c                	sw	a1,48(a0)
    17dc:	8082                	ret
    17de:	164d                	addi	a2,a2,-13
    17e0:	00261713          	slli	a4,a2,0x2
    17e4:	5554                	lw	a3,44(a0)
    17e6:	963a                	add	a2,a2,a4
    17e8:	47fd                	li	a5,31
    17ea:	00c797b3          	sll	a5,a5,a2
    17ee:	fff7c793          	not	a5,a5
    17f2:	8ff5                	and	a5,a5,a3
    17f4:	00c595b3          	sll	a1,a1,a2
    17f8:	8ddd                	or	a1,a1,a5
    17fa:	d54c                	sw	a1,44(a0)
    17fc:	8082                	ret

000017fe <ADC_GetConversionValue>:
    17fe:	4568                	lw	a0,76(a0)
    1800:	0542                	slli	a0,a0,0x10
    1802:	8141                	srli	a0,a0,0x10
    1804:	8082                	ret

00001806 <ADC_GetFlagStatus>:
    1806:	4108                	lw	a0,0(a0)
    1808:	8d6d                	and	a0,a0,a1
    180a:	00a03533          	snez	a0,a0
    180e:	8082                	ret

00001810 <EXTI_Init>:
    1810:	4158                	lw	a4,4(a0)
    1812:	00052303          	lw	t1,0(a0)
    1816:	454c                	lw	a1,12(a0)
    1818:	40010637          	lui	a2,0x40010
    181c:	40060793          	addi	a5,a2,1024 # 40010400 <__global_pointer$+0x2000fbb8>
    1820:	973e                	add	a4,a4,a5
    1822:	fff34693          	not	a3,t1
    1826:	c5b1                	beqz	a1,1872 <EXTI_Init+0x62>
    1828:	40062583          	lw	a1,1024(a2)
    182c:	8df5                	and	a1,a1,a3
    182e:	40b62023          	sw	a1,1024(a2)
    1832:	43d0                	lw	a2,4(a5)
    1834:	8ef1                	and	a3,a3,a2
    1836:	c3d4                	sw	a3,4(a5)
    1838:	4314                	lw	a3,0(a4)
    183a:	0066e6b3          	or	a3,a3,t1
    183e:	c314                	sw	a3,0(a4)
    1840:	4118                	lw	a4,0(a0)
    1842:	4790                	lw	a2,8(a5)
    1844:	fff74693          	not	a3,a4
    1848:	8e75                	and	a2,a2,a3
    184a:	c790                	sw	a2,8(a5)
    184c:	47d0                	lw	a2,12(a5)
    184e:	8ef1                	and	a3,a3,a2
    1850:	c7d4                	sw	a3,12(a5)
    1852:	4514                	lw	a3,8(a0)
    1854:	4641                	li	a2,16
    1856:	00c69963          	bne	a3,a2,1868 <EXTI_Init+0x58>
    185a:	4794                	lw	a3,8(a5)
    185c:	8ed9                	or	a3,a3,a4
    185e:	c794                	sw	a3,8(a5)
    1860:	47d4                	lw	a3,12(a5)
    1862:	8f55                	or	a4,a4,a3
    1864:	c7d8                	sw	a4,12(a5)
    1866:	8082                	ret
    1868:	97b6                	add	a5,a5,a3
    186a:	4394                	lw	a3,0(a5)
    186c:	8f55                	or	a4,a4,a3
    186e:	c398                	sw	a4,0(a5)
    1870:	8082                	ret
    1872:	431c                	lw	a5,0(a4)
    1874:	8ff5                	and	a5,a5,a3
    1876:	c31c                	sw	a5,0(a4)
    1878:	8082                	ret

0000187a <FLASH_Unlock>:
    187a:	456707b7          	lui	a5,0x45670
    187e:	40022737          	lui	a4,0x40022
    1882:	12378793          	addi	a5,a5,291 # 45670123 <__global_pointer$+0x2566f8db>
    1886:	c35c                	sw	a5,4(a4)
    1888:	cdef97b7          	lui	a5,0xcdef9
    188c:	9ab78793          	addi	a5,a5,-1621 # cdef89ab <__global_pointer$+0xadef8163>
    1890:	c35c                	sw	a5,4(a4)
    1892:	8082                	ret

00001894 <FLASH_Lock>:
    1894:	40022737          	lui	a4,0x40022
    1898:	4b1c                	lw	a5,16(a4)
    189a:	0807e793          	ori	a5,a5,128
    189e:	cb1c                	sw	a5,16(a4)
    18a0:	8082                	ret

000018a2 <FLASH_GetBank1Status>:
    18a2:	40022737          	lui	a4,0x40022
    18a6:	475c                	lw	a5,12(a4)
    18a8:	4505                	li	a0,1
    18aa:	8b85                	andi	a5,a5,1
    18ac:	e791                	bnez	a5,18b8 <FLASH_GetBank1Status+0x16>
    18ae:	4748                	lw	a0,12(a4)
    18b0:	8941                	andi	a0,a0,16
    18b2:	00153513          	seqz	a0,a0
    18b6:	050d                	addi	a0,a0,3
    18b8:	8082                	ret

000018ba <FLASH_WaitForLastOperation>:
    18ba:	ff2fe2ef          	jal	t0,ac <__riscv_save_0>
    18be:	842a                	mv	s0,a0
    18c0:	37cd                	jal	18a2 <FLASH_GetBank1Status>
    18c2:	4785                	li	a5,1
    18c4:	00f51863          	bne	a0,a5,18d4 <FLASH_WaitForLastOperation+0x1a>
    18c8:	e019                	bnez	s0,18ce <FLASH_WaitForLastOperation+0x14>
    18ca:	4515                	li	a0,5
    18cc:	a029                	j	18d6 <FLASH_WaitForLastOperation+0x1c>
    18ce:	3fd1                	jal	18a2 <FLASH_GetBank1Status>
    18d0:	147d                	addi	s0,s0,-1
    18d2:	bfc5                	j	18c2 <FLASH_WaitForLastOperation+0x8>
    18d4:	d87d                	beqz	s0,18ca <FLASH_WaitForLastOperation+0x10>
    18d6:	fe0fe06f          	j	b6 <__riscv_restore_0>

000018da <FLASH_ProgramHalfWord>:
    18da:	fd2fe2ef          	jal	t0,ac <__riscv_save_0>
    18de:	1171                	addi	sp,sp,-4
    18e0:	84aa                	mv	s1,a0
    18e2:	6509                	lui	a0,0x2
    18e4:	c02e                	sw	a1,0(sp)
    18e6:	3fd1                	jal	18ba <FLASH_WaitForLastOperation>
    18e8:	4791                	li	a5,4
    18ea:	4582                	lw	a1,0(sp)
    18ec:	00f51e63          	bne	a0,a5,1908 <FLASH_ProgramHalfWord+0x2e>
    18f0:	40022437          	lui	s0,0x40022
    18f4:	481c                	lw	a5,16(s0)
    18f6:	6509                	lui	a0,0x2
    18f8:	0017e793          	ori	a5,a5,1
    18fc:	c81c                	sw	a5,16(s0)
    18fe:	a08e                	sh	a1,0(s1)
    1900:	3f6d                	jal	18ba <FLASH_WaitForLastOperation>
    1902:	481c                	lw	a5,16(s0)
    1904:	9bf9                	andi	a5,a5,-2
    1906:	c81c                	sw	a5,16(s0)
    1908:	0111                	addi	sp,sp,4
    190a:	facfe06f          	j	b6 <__riscv_restore_0>

0000190e <FLASH_Unlock_Fast>:
    190e:	456706b7          	lui	a3,0x45670
    1912:	400227b7          	lui	a5,0x40022
    1916:	12368693          	addi	a3,a3,291 # 45670123 <__global_pointer$+0x2566f8db>
    191a:	cdef9737          	lui	a4,0xcdef9
    191e:	c3d4                	sw	a3,4(a5)
    1920:	9ab70713          	addi	a4,a4,-1621 # cdef89ab <__global_pointer$+0xadef8163>
    1924:	c3d8                	sw	a4,4(a5)
    1926:	d3d4                	sw	a3,36(a5)
    1928:	d3d8                	sw	a4,36(a5)
    192a:	8082                	ret

0000192c <FLASH_Lock_Fast>:
    192c:	40022737          	lui	a4,0x40022
    1930:	4b1c                	lw	a5,16(a4)
    1932:	66a1                	lui	a3,0x8
    1934:	8fd5                	or	a5,a5,a3
    1936:	cb1c                	sw	a5,16(a4)
    1938:	8082                	ret

0000193a <FLASH_ErasePage_Fast>:
    193a:	f80007b7          	lui	a5,0xf8000
    193e:	97aa                	add	a5,a5,a0
    1940:	6711                	lui	a4,0x4
    1942:	02e7f663          	bgeu	a5,a4,196e <FLASH_ErasePage_Fast+0x34>
    1946:	400227b7          	lui	a5,0x40022
    194a:	4b98                	lw	a4,16(a5)
    194c:	000206b7          	lui	a3,0x20
    1950:	8f55                	or	a4,a4,a3
    1952:	cb98                	sw	a4,16(a5)
    1954:	cbc8                	sw	a0,20(a5)
    1956:	4b98                	lw	a4,16(a5)
    1958:	04076713          	ori	a4,a4,64
    195c:	cb98                	sw	a4,16(a5)
    195e:	47d8                	lw	a4,12(a5)
    1960:	8b05                	andi	a4,a4,1
    1962:	ff75                	bnez	a4,195e <FLASH_ErasePage_Fast+0x24>
    1964:	4b98                	lw	a4,16(a5)
    1966:	7681                	lui	a3,0xfffe0
    1968:	16fd                	addi	a3,a3,-1
    196a:	8f75                	and	a4,a4,a3
    196c:	cb98                	sw	a4,16(a5)
    196e:	8082                	ret

00001970 <GPIO_Init>:
    1970:	4594                	lw	a3,8(a1)
    1972:	0106f793          	andi	a5,a3,16
    1976:	00f6f293          	andi	t0,a3,15
    197a:	c781                	beqz	a5,1982 <GPIO_Init+0x12>
    197c:	41dc                	lw	a5,4(a1)
    197e:	00f2e2b3          	or	t0,t0,a5
    1982:	0005d383          	lhu	t2,0(a1)
    1986:	0ff3f793          	andi	a5,t2,255
    198a:	c3a5                	beqz	a5,19ea <GPIO_Init+0x7a>
    198c:	00052303          	lw	t1,0(a0) # 2000 <Delay_Ms+0x16>
    1990:	1161                	addi	sp,sp,-8
    1992:	c222                	sw	s0,4(sp)
    1994:	c026                	sw	s1,0(sp)
    1996:	4781                	li	a5,0
    1998:	02800413          	li	s0,40
    199c:	04800493          	li	s1,72
    19a0:	4705                	li	a4,1
    19a2:	00f71633          	sll	a2,a4,a5
    19a6:	00c3f733          	and	a4,t2,a2
    19aa:	02e61263          	bne	a2,a4,19ce <GPIO_Init+0x5e>
    19ae:	00279593          	slli	a1,a5,0x2
    19b2:	473d                	li	a4,15
    19b4:	00b71733          	sll	a4,a4,a1
    19b8:	fff74713          	not	a4,a4
    19bc:	00677333          	and	t1,a4,t1
    19c0:	00b295b3          	sll	a1,t0,a1
    19c4:	0065e333          	or	t1,a1,t1
    19c8:	00869d63          	bne	a3,s0,19e2 <GPIO_Init+0x72>
    19cc:	c950                	sw	a2,20(a0)
    19ce:	0785                	addi	a5,a5,1
    19d0:	4721                	li	a4,8
    19d2:	fce797e3          	bne	a5,a4,19a0 <GPIO_Init+0x30>
    19d6:	4412                	lw	s0,4(sp)
    19d8:	00652023          	sw	t1,0(a0)
    19dc:	4482                	lw	s1,0(sp)
    19de:	0121                	addi	sp,sp,8
    19e0:	8082                	ret
    19e2:	fe9696e3          	bne	a3,s1,19ce <GPIO_Init+0x5e>
    19e6:	c910                	sw	a2,16(a0)
    19e8:	b7dd                	j	19ce <GPIO_Init+0x5e>
    19ea:	8082                	ret

000019ec <GPIO_ReadInputDataBit>:
    19ec:	4508                	lw	a0,8(a0)
    19ee:	8d6d                	and	a0,a0,a1
    19f0:	00a03533          	snez	a0,a0
    19f4:	8082                	ret

000019f6 <GPIO_WriteBit>:
    19f6:	c219                	beqz	a2,19fc <GPIO_WriteBit+0x6>
    19f8:	c90c                	sw	a1,16(a0)
    19fa:	8082                	ret
    19fc:	c94c                	sw	a1,20(a0)
    19fe:	8082                	ret

00001a00 <GPIO_PinRemapConfig>:
    1a00:	40010337          	lui	t1,0x40010
    1a04:	00432703          	lw	a4,4(t1) # 40010004 <__global_pointer$+0x2000f7bc>
    1a08:	00351793          	slli	a5,a0,0x3
    1a0c:	0207d063          	bgez	a5,1a2c <GPIO_PinRemapConfig+0x2c>
    1a10:	ffc007b7          	lui	a5,0xffc00
    1a14:	17f5                	addi	a5,a5,-3
    1a16:	8ff9                	and	a5,a5,a4
    1a18:	07000737          	lui	a4,0x7000
    1a1c:	8fd9                	or	a5,a5,a4
    1a1e:	cdd9                	beqz	a1,1abc <GPIO_PinRemapConfig+0xbc>
    1a20:	f0000737          	lui	a4,0xf0000
    1a24:	177d                	addi	a4,a4,-1
    1a26:	8d79                	and	a0,a0,a4
    1a28:	8fc9                	or	a5,a5,a0
    1a2a:	a849                	j	1abc <GPIO_PinRemapConfig+0xbc>
    1a2c:	00055d63          	bgez	a0,1a46 <GPIO_PinRemapConfig+0x46>
    1a30:	ffe007b7          	lui	a5,0xffe00
    1a34:	17ed                	addi	a5,a5,-5
    1a36:	8ff9                	and	a5,a5,a4
    1a38:	07000737          	lui	a4,0x7000
    1a3c:	8fd9                	or	a5,a5,a4
    1a3e:	cdbd                	beqz	a1,1abc <GPIO_PinRemapConfig+0xbc>
    1a40:	0506                	slli	a0,a0,0x1
    1a42:	8105                	srli	a0,a0,0x1
    1a44:	b7d5                	j	1a28 <GPIO_PinRemapConfig+0x28>
    1a46:	003007b7          	lui	a5,0x300
    1a4a:	01051693          	slli	a3,a0,0x10
    1a4e:	00f57633          	and	a2,a0,a5
    1a52:	82c1                	srli	a3,a3,0x10
    1a54:	02f61363          	bne	a2,a5,1a7a <GPIO_PinRemapConfig+0x7a>
    1a58:	f9000637          	lui	a2,0xf9000
    1a5c:	167d                	addi	a2,a2,-1
    1a5e:	00c777b3          	and	a5,a4,a2
    1a62:	00432703          	lw	a4,4(t1)
    1a66:	8e79                	and	a2,a2,a4
    1a68:	00c32223          	sw	a2,4(t1)
    1a6c:	c9a1                	beqz	a1,1abc <GPIO_PinRemapConfig+0xbc>
    1a6e:	8155                	srli	a0,a0,0x15
    1a70:	00451713          	slli	a4,a0,0x4
    1a74:	00e69533          	sll	a0,a3,a4
    1a78:	bf45                	j	1a28 <GPIO_PinRemapConfig+0x28>
    1a7a:	00b51793          	slli	a5,a0,0xb
    1a7e:	0207d463          	bgez	a5,1aa6 <GPIO_PinRemapConfig+0xa6>
    1a82:	01055793          	srli	a5,a0,0x10
    1a86:	00f7f613          	andi	a2,a5,15
    1a8a:	478d                	li	a5,3
    1a8c:	00c797b3          	sll	a5,a5,a2
    1a90:	fff7c793          	not	a5,a5
    1a94:	8ff9                	and	a5,a5,a4
    1a96:	07000737          	lui	a4,0x7000
    1a9a:	8fd9                	or	a5,a5,a4
    1a9c:	c185                	beqz	a1,1abc <GPIO_PinRemapConfig+0xbc>
    1a9e:	01555713          	srli	a4,a0,0x15
    1aa2:	0712                	slli	a4,a4,0x4
    1aa4:	bfc1                	j	1a74 <GPIO_PinRemapConfig+0x74>
    1aa6:	8155                	srli	a0,a0,0x15
    1aa8:	0512                	slli	a0,a0,0x4
    1aaa:	00a69533          	sll	a0,a3,a0
    1aae:	fff54793          	not	a5,a0
    1ab2:	8ff9                	and	a5,a5,a4
    1ab4:	07000737          	lui	a4,0x7000
    1ab8:	8fd9                	or	a5,a5,a4
    1aba:	f5bd                	bnez	a1,1a28 <GPIO_PinRemapConfig+0x28>
    1abc:	40010737          	lui	a4,0x40010
    1ac0:	c35c                	sw	a5,4(a4)
    1ac2:	8082                	ret

00001ac4 <GPIO_EXTILineConfig>:
    1ac4:	40010737          	lui	a4,0x40010
    1ac8:	4714                	lw	a3,8(a4)
    1aca:	0586                	slli	a1,a1,0x1
    1acc:	478d                	li	a5,3
    1ace:	00b797b3          	sll	a5,a5,a1
    1ad2:	fff7c793          	not	a5,a5
    1ad6:	8ff5                	and	a5,a5,a3
    1ad8:	c71c                	sw	a5,8(a4)
    1ada:	471c                	lw	a5,8(a4)
    1adc:	00b515b3          	sll	a1,a0,a1
    1ae0:	8ddd                	or	a1,a1,a5
    1ae2:	c70c                	sw	a1,8(a4)
    1ae4:	8082                	ret

00001ae6 <NVIC_PriorityGroupConfig>:
    1ae6:	88a1ac23          	sw	a0,-1896(gp) # 200000e0 <NVIC_Priority_Group>
    1aea:	8082                	ret

00001aec <PWR_EnterSTANDBYMode>:
    1aec:	dc0fe2ef          	jal	t0,ac <__riscv_save_0>
    1af0:	400077b7          	lui	a5,0x40007
    1af4:	4398                	lw	a4,0(a5)
    1af6:	9b75                	andi	a4,a4,-3
    1af8:	c398                	sw	a4,0(a5)
    1afa:	4398                	lw	a4,0(a5)
    1afc:	00276713          	ori	a4,a4,2
    1b00:	c398                	sw	a4,0(a5)
    1b02:	e000f7b7          	lui	a5,0xe000f
    1b06:	d107a703          	lw	a4,-752(a5) # e000ed10 <__global_pointer$+0xc000e4c8>
    1b0a:	00476713          	ori	a4,a4,4
    1b0e:	d0e7a823          	sw	a4,-752(a5)
    1b12:	d107a703          	lw	a4,-752(a5)
    1b16:	8b11                	andi	a4,a4,4
    1b18:	c345                	beqz	a4,1bb8 <PWR_EnterSTANDBYMode+0xcc>
    1b1a:	08800793          	li	a5,136
    1b1e:	3007b073          	csrc	mstatus,a5
    1b22:	0000100f          	fence.i
    1b26:	400107b7          	lui	a5,0x40010
    1b2a:	4047a483          	lw	s1,1028(a5) # 40010404 <__global_pointer$+0x2000fbbc>
    1b2e:	4007a703          	lw	a4,1024(a5)
    1b32:	4047a683          	lw	a3,1028(a5)
    1b36:	8f55                	or	a4,a4,a3
    1b38:	40e7a223          	sw	a4,1028(a5)
    1b3c:	e000f437          	lui	s0,0xe000f
    1b40:	d1042703          	lw	a4,-752(s0) # e000ed10 <__global_pointer$+0xc000e4c8>
    1b44:	d1042783          	lw	a5,-752(s0)
    1b48:	454d                	li	a0,19
    1b4a:	02077713          	andi	a4,a4,32
    1b4e:	0287e793          	ori	a5,a5,40
    1b52:	d0f42823          	sw	a5,-752(s0)
    1b56:	d1042783          	lw	a5,-752(s0)
    1b5a:	fdf7f793          	andi	a5,a5,-33
    1b5e:	8fd9                	or	a5,a5,a4
    1b60:	d0f42823          	sw	a5,-752(s0)
    1b64:	d1042783          	lw	a5,-752(s0)
    1b68:	0087e793          	ori	a5,a5,8
    1b6c:	d0f42823          	sw	a5,-752(s0)
    1b70:	1fffe097          	auipc	ra,0x1fffe
    1b74:	490080e7          	jalr	1168(ra) # 20000000 <WFE>
    1b78:	d1042783          	lw	a5,-752(s0)
    1b7c:	454d                	li	a0,19
    1b7e:	0087e793          	ori	a5,a5,8
    1b82:	d0f42823          	sw	a5,-752(s0)
    1b86:	1fffe097          	auipc	ra,0x1fffe
    1b8a:	47a080e7          	jalr	1146(ra) # 20000000 <WFE>
    1b8e:	d1042783          	lw	a5,-752(s0)
    1b92:	8b91                	andi	a5,a5,4
    1b94:	c3a1                	beqz	a5,1bd4 <PWR_EnterSTANDBYMode+0xe8>
    1b96:	400107b7          	lui	a5,0x40010
    1b9a:	4097a223          	sw	s1,1028(a5) # 40010404 <__global_pointer$+0x2000fbbc>
    1b9e:	08800793          	li	a5,136
    1ba2:	3007a073          	csrs	mstatus,a5
    1ba6:	e000f737          	lui	a4,0xe000f
    1baa:	d1072783          	lw	a5,-752(a4) # e000ed10 <__global_pointer$+0xc000e4c8>
    1bae:	9bed                	andi	a5,a5,-5
    1bb0:	d0f72823          	sw	a5,-752(a4)
    1bb4:	d02fe06f          	j	b6 <__riscv_restore_0>
    1bb8:	d107a703          	lw	a4,-752(a5)
    1bbc:	01076713          	ori	a4,a4,16
    1bc0:	d0e7a823          	sw	a4,-752(a5)
    1bc4:	08800793          	li	a5,136
    1bc8:	3007b073          	csrc	mstatus,a5
    1bcc:	0000100f          	fence.i
    1bd0:	4481                	li	s1,0
    1bd2:	b7ad                	j	1b3c <PWR_EnterSTANDBYMode+0x50>
    1bd4:	d1042783          	lw	a5,-752(s0)
    1bd8:	9bbd                	andi	a5,a5,-17
    1bda:	d0f42823          	sw	a5,-752(s0)
    1bde:	b7c1                	j	1b9e <PWR_EnterSTANDBYMode+0xb2>

00001be0 <RCC_AdjustHSICalibrationValue>:
    1be0:	40021737          	lui	a4,0x40021
    1be4:	431c                	lw	a5,0(a4)
    1be6:	050e                	slli	a0,a0,0x3
    1be8:	f077f793          	andi	a5,a5,-249
    1bec:	8d5d                	or	a0,a0,a5
    1bee:	c308                	sw	a0,0(a4)
    1bf0:	8082                	ret

00001bf2 <RCC_ADCCLKConfig>:
    1bf2:	400216b7          	lui	a3,0x40021
    1bf6:	42dc                	lw	a5,4(a3)
    1bf8:	7741                	lui	a4,0xffff0
    1bfa:	7ff70713          	addi	a4,a4,2047 # ffff07ff <__global_pointer$+0xdffeffb7>
    1bfe:	8ff9                	and	a5,a5,a4
    1c00:	8d5d                	or	a0,a0,a5
    1c02:	c2c8                	sw	a0,4(a3)
    1c04:	8082                	ret

00001c06 <RCC_GetClocksFreq>:
    1c06:	ca6fe2ef          	jal	t0,ac <__riscv_save_0>
    1c0a:	40021737          	lui	a4,0x40021
    1c0e:	435c                	lw	a5,4(a4)
    1c10:	4691                	li	a3,4
    1c12:	842a                	mv	s0,a0
    1c14:	8bb1                	andi	a5,a5,12
    1c16:	00d78563          	beq	a5,a3,1c20 <RCC_GetClocksFreq+0x1a>
    1c1a:	46a1                	li	a3,8
    1c1c:	08d78063          	beq	a5,a3,1c9c <RCC_GetClocksFreq+0x96>
    1c20:	016e37b7          	lui	a5,0x16e3
    1c24:	60078793          	addi	a5,a5,1536 # 16e3600 <_data_lma+0x16e0bb8>
    1c28:	c01c                	sw	a5,0(s0)
    1c2a:	400216b7          	lui	a3,0x40021
    1c2e:	42dc                	lw	a5,4(a3)
    1c30:	8391                	srli	a5,a5,0x4
    1c32:	00f7f713          	andi	a4,a5,15
    1c36:	200007b7          	lui	a5,0x20000
    1c3a:	03478793          	addi	a5,a5,52 # 20000034 <APBAHBPrescTable>
    1c3e:	97ba                	add	a5,a5,a4
    1c40:	238c                	lbu	a1,0(a5)
    1c42:	42dc                	lw	a5,4(a3)
    1c44:	4018                	lw	a4,0(s0)
    1c46:	0ff5f593          	andi	a1,a1,255
    1c4a:	0807f793          	andi	a5,a5,128
    1c4e:	00b75533          	srl	a0,a4,a1
    1c52:	e781                	bnez	a5,1c5a <RCC_GetClocksFreq+0x54>
    1c54:	853a                	mv	a0,a4
    1c56:	c8afe0ef          	jal	ra,e0 <__udivsi3>
    1c5a:	c048                	sw	a0,4(s0)
    1c5c:	c408                	sw	a0,8(s0)
    1c5e:	c448                	sw	a0,12(s0)
    1c60:	400217b7          	lui	a5,0x40021
    1c64:	43dc                	lw	a5,4(a5)
    1c66:	468d                	li	a3,3
    1c68:	83ad                	srli	a5,a5,0xb
    1c6a:	8bfd                	andi	a5,a5,31
    1c6c:	0037d713          	srli	a4,a5,0x3
    1c70:	078a                	slli	a5,a5,0x2
    1c72:	8bf1                	andi	a5,a5,28
    1c74:	8fd9                	or	a5,a5,a4
    1c76:	0137f613          	andi	a2,a5,19
    1c7a:	0037f713          	andi	a4,a5,3
    1c7e:	00c6f463          	bgeu	a3,a2,1c86 <RCC_GetClocksFreq+0x80>
    1c82:	ff478713          	addi	a4,a5,-12 # 40020ff4 <__global_pointer$+0x200207ac>
    1c86:	200007b7          	lui	a5,0x20000
    1c8a:	02078793          	addi	a5,a5,32 # 20000020 <ADCPrescTable>
    1c8e:	97ba                	add	a5,a5,a4
    1c90:	238c                	lbu	a1,0(a5)
    1c92:	c4efe0ef          	jal	ra,e0 <__udivsi3>
    1c96:	c808                	sw	a0,16(s0)
    1c98:	c1efe06f          	j	b6 <__riscv_restore_0>
    1c9c:	435c                	lw	a5,4(a4)
    1c9e:	02dc77b7          	lui	a5,0x2dc7
    1ca2:	c0078793          	addi	a5,a5,-1024 # 2dc6c00 <_data_lma+0x2dc41b8>
    1ca6:	b749                	j	1c28 <RCC_GetClocksFreq+0x22>

00001ca8 <RCC_APB2PeriphClockCmd>:
    1ca8:	c599                	beqz	a1,1cb6 <RCC_APB2PeriphClockCmd+0xe>
    1caa:	40021737          	lui	a4,0x40021
    1cae:	4f1c                	lw	a5,24(a4)
    1cb0:	8d5d                	or	a0,a0,a5
    1cb2:	cf08                	sw	a0,24(a4)
    1cb4:	8082                	ret
    1cb6:	400217b7          	lui	a5,0x40021
    1cba:	4f98                	lw	a4,24(a5)
    1cbc:	fff54513          	not	a0,a0
    1cc0:	8d79                	and	a0,a0,a4
    1cc2:	cf88                	sw	a0,24(a5)
    1cc4:	8082                	ret

00001cc6 <RCC_APB1PeriphClockCmd>:
    1cc6:	c599                	beqz	a1,1cd4 <RCC_APB1PeriphClockCmd+0xe>
    1cc8:	40021737          	lui	a4,0x40021
    1ccc:	4f5c                	lw	a5,28(a4)
    1cce:	8d5d                	or	a0,a0,a5
    1cd0:	cf48                	sw	a0,28(a4)
    1cd2:	8082                	ret
    1cd4:	400217b7          	lui	a5,0x40021
    1cd8:	4fd8                	lw	a4,28(a5)
    1cda:	fff54513          	not	a0,a0
    1cde:	8d79                	and	a0,a0,a4
    1ce0:	cfc8                	sw	a0,28(a5)
    1ce2:	8082                	ret

00001ce4 <RCC_APB2PeriphResetCmd>:
    1ce4:	c599                	beqz	a1,1cf2 <RCC_APB2PeriphResetCmd+0xe>
    1ce6:	40021737          	lui	a4,0x40021
    1cea:	475c                	lw	a5,12(a4)
    1cec:	8d5d                	or	a0,a0,a5
    1cee:	c748                	sw	a0,12(a4)
    1cf0:	8082                	ret
    1cf2:	400217b7          	lui	a5,0x40021
    1cf6:	47d8                	lw	a4,12(a5)
    1cf8:	fff54513          	not	a0,a0
    1cfc:	8d79                	and	a0,a0,a4
    1cfe:	c7c8                	sw	a0,12(a5)
    1d00:	8082                	ret

00001d02 <TIM_TimeBaseInit>:
    1d02:	211e                	lhu	a5,0(a0)
    1d04:	40013737          	lui	a4,0x40013
    1d08:	c0070713          	addi	a4,a4,-1024 # 40012c00 <__global_pointer$+0x200123b8>
    1d0c:	07c2                	slli	a5,a5,0x10
    1d0e:	83c1                	srli	a5,a5,0x10
    1d10:	00e50663          	beq	a0,a4,1d1c <TIM_TimeBaseInit+0x1a>
    1d14:	40000737          	lui	a4,0x40000
    1d18:	00e51663          	bne	a0,a4,1d24 <TIM_TimeBaseInit+0x22>
    1d1c:	21ba                	lhu	a4,2(a1)
    1d1e:	f8f7f793          	andi	a5,a5,-113
    1d22:	8fd9                	or	a5,a5,a4
    1d24:	21fa                	lhu	a4,6(a1)
    1d26:	cff7f793          	andi	a5,a5,-769
    1d2a:	07c2                	slli	a5,a5,0x10
    1d2c:	83c1                	srli	a5,a5,0x10
    1d2e:	8fd9                	or	a5,a5,a4
    1d30:	a11e                	sh	a5,0(a0)
    1d32:	21de                	lhu	a5,4(a1)
    1d34:	b55e                	sh	a5,44(a0)
    1d36:	219e                	lhu	a5,0(a1)
    1d38:	b51e                	sh	a5,40(a0)
    1d3a:	400137b7          	lui	a5,0x40013
    1d3e:	c0078793          	addi	a5,a5,-1024 # 40012c00 <__global_pointer$+0x200123b8>
    1d42:	00f51463          	bne	a0,a5,1d4a <TIM_TimeBaseInit+0x48>
    1d46:	259c                	lbu	a5,8(a1)
    1d48:	b91e                	sh	a5,48(a0)
    1d4a:	4785                	li	a5,1
    1d4c:	a95e                	sh	a5,20(a0)
    1d4e:	8082                	ret

00001d50 <TIM_OC2Init>:
    1d50:	311e                	lhu	a5,32(a0)
    1d52:	7765                	lui	a4,0xffff9
    1d54:	cff70713          	addi	a4,a4,-769 # ffff8cff <__global_pointer$+0xdfff84b7>
    1d58:	07c2                	slli	a5,a5,0x10
    1d5a:	83c1                	srli	a5,a5,0x10
    1d5c:	9bbd                	andi	a5,a5,-17
    1d5e:	07c2                	slli	a5,a5,0x10
    1d60:	83c1                	srli	a5,a5,0x10
    1d62:	b11e                	sh	a5,32(a0)
    1d64:	311e                	lhu	a5,32(a0)
    1d66:	2156                	lhu	a3,4(a0)
    1d68:	0085d303          	lhu	t1,8(a1)
    1d6c:	07c2                	slli	a5,a5,0x10
    1d6e:	01069613          	slli	a2,a3,0x10
    1d72:	2d16                	lhu	a3,24(a0)
    1d74:	83c1                	srli	a5,a5,0x10
    1d76:	fdf7f793          	andi	a5,a5,-33
    1d7a:	8f75                	and	a4,a4,a3
    1d7c:	2196                	lhu	a3,0(a1)
    1d7e:	8241                	srli	a2,a2,0x10
    1d80:	06a2                	slli	a3,a3,0x8
    1d82:	8f55                	or	a4,a4,a3
    1d84:	21b6                	lhu	a3,2(a1)
    1d86:	0742                	slli	a4,a4,0x10
    1d88:	8341                	srli	a4,a4,0x10
    1d8a:	0066e6b3          	or	a3,a3,t1
    1d8e:	0692                	slli	a3,a3,0x4
    1d90:	8fd5                	or	a5,a5,a3
    1d92:	400136b7          	lui	a3,0x40013
    1d96:	07c2                	slli	a5,a5,0x10
    1d98:	c0068693          	addi	a3,a3,-1024 # 40012c00 <__global_pointer$+0x200123b8>
    1d9c:	83c1                	srli	a5,a5,0x10
    1d9e:	02d51e63          	bne	a0,a3,1dda <TIM_OC2Init+0x8a>
    1da2:	25b6                	lhu	a3,10(a1)
    1da4:	f7f7f793          	andi	a5,a5,-129
    1da8:	00c5d303          	lhu	t1,12(a1)
    1dac:	0692                	slli	a3,a3,0x4
    1dae:	8fd5                	or	a5,a5,a3
    1db0:	21d6                	lhu	a3,4(a1)
    1db2:	07c2                	slli	a5,a5,0x10
    1db4:	83c1                	srli	a5,a5,0x10
    1db6:	0692                	slli	a3,a3,0x4
    1db8:	fbf7f793          	andi	a5,a5,-65
    1dbc:	8fd5                	or	a5,a5,a3
    1dbe:	76fd                	lui	a3,0xfffff
    1dc0:	3ff68693          	addi	a3,a3,1023 # fffff3ff <__global_pointer$+0xdfffebb7>
    1dc4:	8ef1                	and	a3,a3,a2
    1dc6:	25f2                	lhu	a2,14(a1)
    1dc8:	07c2                	slli	a5,a5,0x10
    1dca:	83c1                	srli	a5,a5,0x10
    1dcc:	00666633          	or	a2,a2,t1
    1dd0:	060a                	slli	a2,a2,0x2
    1dd2:	8ed1                	or	a3,a3,a2
    1dd4:	01069613          	slli	a2,a3,0x10
    1dd8:	8241                	srli	a2,a2,0x10
    1dda:	a152                	sh	a2,4(a0)
    1ddc:	ad1a                	sh	a4,24(a0)
    1dde:	21fa                	lhu	a4,6(a1)
    1de0:	dd18                	sw	a4,56(a0)
    1de2:	b11e                	sh	a5,32(a0)
    1de4:	8082                	ret

00001de6 <TIM_Cmd>:
    1de6:	211e                	lhu	a5,0(a0)
    1de8:	c589                	beqz	a1,1df2 <TIM_Cmd+0xc>
    1dea:	0017e793          	ori	a5,a5,1
    1dee:	a11e                	sh	a5,0(a0)
    1df0:	8082                	ret
    1df2:	07c2                	slli	a5,a5,0x10
    1df4:	83c1                	srli	a5,a5,0x10
    1df6:	9bf9                	andi	a5,a5,-2
    1df8:	07c2                	slli	a5,a5,0x10
    1dfa:	83c1                	srli	a5,a5,0x10
    1dfc:	bfcd                	j	1dee <TIM_Cmd+0x8>

00001dfe <TIM_CtrlPWMOutputs>:
    1dfe:	04455783          	lhu	a5,68(a0)
    1e02:	c591                	beqz	a1,1e0e <TIM_CtrlPWMOutputs+0x10>
    1e04:	6721                	lui	a4,0x8
    1e06:	8fd9                	or	a5,a5,a4
    1e08:	04f51223          	sh	a5,68(a0)
    1e0c:	8082                	ret
    1e0e:	07c6                	slli	a5,a5,0x11
    1e10:	83c5                	srli	a5,a5,0x11
    1e12:	bfdd                	j	1e08 <TIM_CtrlPWMOutputs+0xa>

00001e14 <TIM_PrescalerConfig>:
    1e14:	b50e                	sh	a1,40(a0)
    1e16:	a952                	sh	a2,20(a0)
    1e18:	8082                	ret

00001e1a <TIM_ARRPreloadConfig>:
    1e1a:	211e                	lhu	a5,0(a0)
    1e1c:	c589                	beqz	a1,1e26 <TIM_ARRPreloadConfig+0xc>
    1e1e:	0807e793          	ori	a5,a5,128
    1e22:	a11e                	sh	a5,0(a0)
    1e24:	8082                	ret
    1e26:	07c2                	slli	a5,a5,0x10
    1e28:	83c1                	srli	a5,a5,0x10
    1e2a:	f7f7f793          	andi	a5,a5,-129
    1e2e:	07c2                	slli	a5,a5,0x10
    1e30:	83c1                	srli	a5,a5,0x10
    1e32:	bfc5                	j	1e22 <TIM_ARRPreloadConfig+0x8>

00001e34 <TIM_OC2PreloadConfig>:
    1e34:	2d1a                	lhu	a4,24(a0)
    1e36:	77fd                	lui	a5,0xfffff
    1e38:	7ff78793          	addi	a5,a5,2047 # fffff7ff <__global_pointer$+0xdfffefb7>
    1e3c:	8ff9                	and	a5,a5,a4
    1e3e:	05a2                	slli	a1,a1,0x8
    1e40:	8fcd                	or	a5,a5,a1
    1e42:	07c2                	slli	a5,a5,0x10
    1e44:	83c1                	srli	a5,a5,0x10
    1e46:	ad1e                	sh	a5,24(a0)
    1e48:	8082                	ret

00001e4a <TIM_SetCompare2>:
    1e4a:	dd0c                	sw	a1,56(a0)
    1e4c:	8082                	ret

00001e4e <USART_Init>:
    1e4e:	a5efe2ef          	jal	t0,ac <__riscv_save_0>
    1e52:	2916                	lhu	a3,16(a0)
    1e54:	77f5                	lui	a5,0xffffd
    1e56:	17fd                	addi	a5,a5,-1
    1e58:	8ff5                	and	a5,a5,a3
    1e5a:	21f6                	lhu	a3,6(a1)
    1e5c:	25da                	lhu	a4,12(a1)
    1e5e:	1121                	addi	sp,sp,-24
    1e60:	8fd5                	or	a5,a5,a3
    1e62:	a91e                	sh	a5,16(a0)
    1e64:	2556                	lhu	a3,12(a0)
    1e66:	77fd                	lui	a5,0xfffff
    1e68:	9f378793          	addi	a5,a5,-1549 # ffffe9f3 <__global_pointer$+0xdfffe1ab>
    1e6c:	8ff5                	and	a5,a5,a3
    1e6e:	21d6                	lhu	a3,4(a1)
    1e70:	842a                	mv	s0,a0
    1e72:	c02e                	sw	a1,0(sp)
    1e74:	8fd5                	or	a5,a5,a3
    1e76:	2596                	lhu	a3,8(a1)
    1e78:	8fd5                	or	a5,a5,a3
    1e7a:	25b6                	lhu	a3,10(a1)
    1e7c:	8fd5                	or	a5,a5,a3
    1e7e:	a55e                	sh	a5,12(a0)
    1e80:	295e                	lhu	a5,20(a0)
    1e82:	07c2                	slli	a5,a5,0x10
    1e84:	83c1                	srli	a5,a5,0x10
    1e86:	cff7f793          	andi	a5,a5,-769
    1e8a:	8f5d                	or	a4,a4,a5
    1e8c:	a95a                	sh	a4,20(a0)
    1e8e:	0048                	addi	a0,sp,4
    1e90:	d77ff0ef          	jal	ra,1c06 <RCC_GetClocksFreq>
    1e94:	400147b7          	lui	a5,0x40014
    1e98:	80078793          	addi	a5,a5,-2048 # 40013800 <__global_pointer$+0x20012fb8>
    1e9c:	4582                	lw	a1,0(sp)
    1e9e:	06f41263          	bne	s0,a5,1f02 <USART_Init+0xb4>
    1ea2:	47c2                	lw	a5,16(sp)
    1ea4:	245a                	lhu	a4,12(s0)
    1ea6:	00179513          	slli	a0,a5,0x1
    1eaa:	953e                	add	a0,a0,a5
    1eac:	0742                	slli	a4,a4,0x10
    1eae:	050e                	slli	a0,a0,0x3
    1eb0:	8741                	srai	a4,a4,0x10
    1eb2:	953e                	add	a0,a0,a5
    1eb4:	418c                	lw	a1,0(a1)
    1eb6:	04075863          	bgez	a4,1f06 <USART_Init+0xb8>
    1eba:	0586                	slli	a1,a1,0x1
    1ebc:	a24fe0ef          	jal	ra,e0 <__udivsi3>
    1ec0:	06400593          	li	a1,100
    1ec4:	c02a                	sw	a0,0(sp)
    1ec6:	a1afe0ef          	jal	ra,e0 <__udivsi3>
    1eca:	4782                	lw	a5,0(sp)
    1ecc:	00451493          	slli	s1,a0,0x4
    1ed0:	06400593          	li	a1,100
    1ed4:	853e                	mv	a0,a5
    1ed6:	a36fe0ef          	jal	ra,10c <__umodsi3>
    1eda:	245e                	lhu	a5,12(s0)
    1edc:	07c2                	slli	a5,a5,0x10
    1ede:	87c1                	srai	a5,a5,0x10
    1ee0:	0207d563          	bgez	a5,1f0a <USART_Init+0xbc>
    1ee4:	050e                	slli	a0,a0,0x3
    1ee6:	06400593          	li	a1,100
    1eea:	03250513          	addi	a0,a0,50
    1eee:	9f2fe0ef          	jal	ra,e0 <__udivsi3>
    1ef2:	891d                	andi	a0,a0,7
    1ef4:	8cc9                	or	s1,s1,a0
    1ef6:	04c2                	slli	s1,s1,0x10
    1ef8:	80c1                	srli	s1,s1,0x10
    1efa:	a406                	sh	s1,8(s0)
    1efc:	0161                	addi	sp,sp,24
    1efe:	9b8fe06f          	j	b6 <__riscv_restore_0>
    1f02:	47b2                	lw	a5,12(sp)
    1f04:	b745                	j	1ea4 <USART_Init+0x56>
    1f06:	058a                	slli	a1,a1,0x2
    1f08:	bf55                	j	1ebc <USART_Init+0x6e>
    1f0a:	0512                	slli	a0,a0,0x4
    1f0c:	06400593          	li	a1,100
    1f10:	03250513          	addi	a0,a0,50
    1f14:	9ccfe0ef          	jal	ra,e0 <__udivsi3>
    1f18:	893d                	andi	a0,a0,15
    1f1a:	bfe9                	j	1ef4 <USART_Init+0xa6>

00001f1c <USART_Cmd>:
    1f1c:	c591                	beqz	a1,1f28 <USART_Cmd+0xc>
    1f1e:	255e                	lhu	a5,12(a0)
    1f20:	6709                	lui	a4,0x2
    1f22:	8fd9                	or	a5,a5,a4
    1f24:	a55e                	sh	a5,12(a0)
    1f26:	8082                	ret
    1f28:	255a                	lhu	a4,12(a0)
    1f2a:	77f9                	lui	a5,0xffffe
    1f2c:	17fd                	addi	a5,a5,-1
    1f2e:	8ff9                	and	a5,a5,a4
    1f30:	bfd5                	j	1f24 <USART_Cmd+0x8>

00001f32 <USART_SendData>:
    1f32:	1ff5f593          	andi	a1,a1,511
    1f36:	a14e                	sh	a1,4(a0)
    1f38:	8082                	ret

00001f3a <USART_GetFlagStatus>:
    1f3a:	210a                	lhu	a0,0(a0)
    1f3c:	8d6d                	and	a0,a0,a1
    1f3e:	00a03533          	snez	a0,a0
    1f42:	8082                	ret

00001f44 <delay>:
    1f44:	e000f737          	lui	a4,0xe000f
    1f48:	4354                	lw	a3,4(a4)
    1f4a:	1131                	addi	sp,sp,-20
    1f4c:	00710793          	addi	a5,sp,7
    1f50:	9af9                	andi	a3,a3,-2
    1f52:	c354                	sw	a3,4(a4)
    1f54:	3e700693          	li	a3,999
    1f58:	cb14                	sw	a3,16(a4)
    1f5a:	00072423          	sw	zero,8(a4) # e000f008 <__global_pointer$+0xc000e7c0>
    1f5e:	46ad                	li	a3,11
    1f60:	c314                	sw	a3,0(a4)
    1f62:	20000737          	lui	a4,0x20000
    1f66:	04870693          	addi	a3,a4,72 # 20000048 <_edata>
    1f6a:	4290                	lw	a2,0(a3)
    1f6c:	42d4                	lw	a3,4(a3)
    1f6e:	9be1                	andi	a5,a5,-8
    1f70:	c790                	sw	a2,8(a5)
    1f72:	c7d4                	sw	a3,12(a5)
    1f74:	478c                	lw	a1,8(a5)
    1f76:	47d0                	lw	a2,12(a5)
    1f78:	41f55693          	srai	a3,a0,0x1f
    1f7c:	00b50333          	add	t1,a0,a1
    1f80:	00a33533          	sltu	a0,t1,a0
    1f84:	00c685b3          	add	a1,a3,a2
    1f88:	00b506b3          	add	a3,a0,a1
    1f8c:	0067a023          	sw	t1,0(a5) # ffffe000 <__global_pointer$+0xdfffd7b8>
    1f90:	c3d4                	sw	a3,4(a5)
    1f92:	04870713          	addi	a4,a4,72
    1f96:	0007a303          	lw	t1,0(a5)
    1f9a:	4348                	lw	a0,4(a4)
    1f9c:	0047a383          	lw	t2,4(a5)
    1fa0:	00a3e763          	bltu	t2,a0,1fae <delay+0x6a>
    1fa4:	00751763          	bne	a0,t2,1fb2 <delay+0x6e>
    1fa8:	4314                	lw	a3,0(a4)
    1faa:	00d37463          	bgeu	t1,a3,1fb2 <delay+0x6e>
    1fae:	0151                	addi	sp,sp,20
    1fb0:	8082                	ret
    1fb2:	0001                	nop
    1fb4:	b7cd                	j	1f96 <delay+0x52>

00001fb6 <Delay_Init>:
    1fb6:	8f6fe2ef          	jal	t0,ac <__riscv_save_0>
    1fba:	200007b7          	lui	a5,0x20000
    1fbe:	01c7a503          	lw	a0,28(a5) # 2000001c <SystemCoreClock>
    1fc2:	007a15b7          	lui	a1,0x7a1
    1fc6:	20058593          	addi	a1,a1,512 # 7a1200 <_data_lma+0x79e7b8>
    1fca:	916fe0ef          	jal	ra,e0 <__udivsi3>
    1fce:	0ff57513          	andi	a0,a0,255
    1fd2:	88a18f23          	sb	a0,-1890(gp) # 200000e6 <p_us>
    1fd6:	00551793          	slli	a5,a0,0x5
    1fda:	8f89                	sub	a5,a5,a0
    1fdc:	078a                	slli	a5,a5,0x2
    1fde:	953e                	add	a0,a0,a5
    1fe0:	050e                	slli	a0,a0,0x3
    1fe2:	88a19e23          	sh	a0,-1892(gp) # 200000e4 <p_ms>
    1fe6:	8d0fe06f          	j	b6 <__riscv_restore_0>

00001fea <Delay_Ms>:
    1fea:	8c2fe2ef          	jal	t0,ac <__riscv_save_0>
    1fee:	e000f437          	lui	s0,0xe000f
    1ff2:	405c                	lw	a5,4(s0)
    1ff4:	85aa                	mv	a1,a0
    1ff6:	9bf9                	andi	a5,a5,-2
    1ff8:	c05c                	sw	a5,4(s0)
    1ffa:	89c1d503          	lhu	a0,-1892(gp) # 200000e4 <p_ms>
    1ffe:	8c2fe0ef          	jal	ra,c0 <__mulsi3>
    2002:	c808                	sw	a0,16(s0)
    2004:	00042423          	sw	zero,8(s0) # e000f008 <__global_pointer$+0xc000e7c0>
    2008:	401c                	lw	a5,0(s0)
    200a:	0017e793          	ori	a5,a5,1
    200e:	c01c                	sw	a5,0(s0)
    2010:	e000f7b7          	lui	a5,0xe000f
    2014:	43d8                	lw	a4,4(a5)
    2016:	8b05                	andi	a4,a4,1
    2018:	df75                	beqz	a4,2014 <Delay_Ms+0x2a>
    201a:	4398                	lw	a4,0(a5)
    201c:	9b79                	andi	a4,a4,-2
    201e:	c398                	sw	a4,0(a5)
    2020:	896fe06f          	j	b6 <__riscv_restore_0>

00002024 <USART_Printf_Init>:
    2024:	888fe2ef          	jal	t0,ac <__riscv_save_0>
    2028:	842a                	mv	s0,a0
    202a:	6511                	lui	a0,0x4
    202c:	1111                	addi	sp,sp,-28
    202e:	4585                	li	a1,1
    2030:	02150513          	addi	a0,a0,33 # 4021 <_data_lma+0x15d9>
    2034:	c75ff0ef          	jal	ra,1ca8 <RCC_APB2PeriphClockCmd>
    2038:	4585                	li	a1,1
    203a:	80200537          	lui	a0,0x80200
    203e:	9c3ff0ef          	jal	ra,1a00 <GPIO_PinRemapConfig>
    2042:	04000793          	li	a5,64
    2046:	807c                	sh	a5,0(sp)
    2048:	40011537          	lui	a0,0x40011
    204c:	478d                	li	a5,3
    204e:	c23e                	sw	a5,4(sp)
    2050:	858a                	mv	a1,sp
    2052:	47e1                	li	a5,24
    2054:	40050513          	addi	a0,a0,1024 # 40011400 <__global_pointer$+0x20010bb8>
    2058:	c43e                	sw	a5,8(sp)
    205a:	917ff0ef          	jal	ra,1970 <GPIO_Init>
    205e:	c622                	sw	s0,12(sp)
    2060:	40014437          	lui	s0,0x40014
    2064:	000807b7          	lui	a5,0x80
    2068:	006c                	addi	a1,sp,12
    206a:	80040513          	addi	a0,s0,-2048 # 40013800 <__global_pointer$+0x20012fb8>
    206e:	ca3e                	sw	a5,20(sp)
    2070:	c802                	sw	zero,16(sp)
    2072:	00011c23          	sh	zero,24(sp)
    2076:	dd9ff0ef          	jal	ra,1e4e <USART_Init>
    207a:	4585                	li	a1,1
    207c:	80040513          	addi	a0,s0,-2048
    2080:	e9dff0ef          	jal	ra,1f1c <USART_Cmd>
    2084:	0171                	addi	sp,sp,28
    2086:	830fe06f          	j	b6 <__riscv_restore_0>

0000208a <_write>:
    208a:	822fe2ef          	jal	t0,ac <__riscv_save_0>
    208e:	1171                	addi	sp,sp,-4
    2090:	84ae                	mv	s1,a1
    2092:	4401                	li	s0,0
    2094:	02c45f63          	bge	s0,a2,20d2 <_write+0x48>
    2098:	400147b7          	lui	a5,0x40014
    209c:	80078713          	addi	a4,a5,-2048 # 40013800 <__global_pointer$+0x20012fb8>
    20a0:	853a                	mv	a0,a4
    20a2:	04000593          	li	a1,64
    20a6:	c032                	sw	a2,0(sp)
    20a8:	e93ff0ef          	jal	ra,1f3a <USART_GetFlagStatus>
    20ac:	400147b7          	lui	a5,0x40014
    20b0:	80078713          	addi	a4,a5,-2048 # 40013800 <__global_pointer$+0x20012fb8>
    20b4:	4602                	lw	a2,0(sp)
    20b6:	d56d                	beqz	a0,20a0 <_write+0x16>
    20b8:	00848733          	add	a4,s1,s0
    20bc:	00070583          	lb	a1,0(a4)
    20c0:	80078513          	addi	a0,a5,-2048
    20c4:	0405                	addi	s0,s0,1
    20c6:	05c2                	slli	a1,a1,0x10
    20c8:	81c1                	srli	a1,a1,0x10
    20ca:	e69ff0ef          	jal	ra,1f32 <USART_SendData>
    20ce:	4602                	lw	a2,0(sp)
    20d0:	b7d1                	j	2094 <_write+0xa>
    20d2:	8532                	mv	a0,a2
    20d4:	0111                	addi	sp,sp,4
    20d6:	fe1fd06f          	j	b6 <__riscv_restore_0>

000020da <ADC1_IRQHandler>:
    20da:	a001                	j	20da <ADC1_IRQHandler>

000020dc <handle_reset>:
    20dc:	1fffe197          	auipc	gp,0x1fffe
    20e0:	76c18193          	addi	gp,gp,1900 # 20000848 <__global_pointer$>
    20e4:	fb818113          	addi	sp,gp,-72 # 20000800 <_eusrstack>
    20e8:	0a000513          	li	a0,160
    20ec:	1fffe597          	auipc	a1,0x1fffe
    20f0:	f1458593          	addi	a1,a1,-236 # 20000000 <WFE>
    20f4:	1fffe617          	auipc	a2,0x1fffe
    20f8:	f1860613          	addi	a2,a2,-232 # 2000000c <_highcode_vma_end>
    20fc:	00c5fa63          	bgeu	a1,a2,2110 <handle_reset+0x34>
    2100:	00052283          	lw	t0,0(a0)
    2104:	0055a023          	sw	t0,0(a1)
    2108:	0511                	addi	a0,a0,4
    210a:	0591                	addi	a1,a1,4
    210c:	fec5eae3          	bltu	a1,a2,2100 <handle_reset+0x24>
    2110:	00001517          	auipc	a0,0x1
    2114:	93850513          	addi	a0,a0,-1736 # 2a48 <_data_lma>
    2118:	1fffe597          	auipc	a1,0x1fffe
    211c:	ef458593          	addi	a1,a1,-268 # 2000000c <_highcode_vma_end>
    2120:	1fffe617          	auipc	a2,0x1fffe
    2124:	f2860613          	addi	a2,a2,-216 # 20000048 <_edata>
    2128:	00c5fa63          	bgeu	a1,a2,213c <handle_reset+0x60>
    212c:	00052283          	lw	t0,0(a0)
    2130:	0055a023          	sw	t0,0(a1)
    2134:	0511                	addi	a0,a0,4
    2136:	0591                	addi	a1,a1,4
    2138:	fec5eae3          	bltu	a1,a2,212c <handle_reset+0x50>
    213c:	1fffe517          	auipc	a0,0x1fffe
    2140:	f0c50513          	addi	a0,a0,-244 # 20000048 <_edata>
    2144:	8a018593          	addi	a1,gp,-1888 # 200000e8 <_ebss>
    2148:	00b57763          	bgeu	a0,a1,2156 <handle_reset+0x7a>
    214c:	00052023          	sw	zero,0(a0)
    2150:	0511                	addi	a0,a0,4
    2152:	feb56de3          	bltu	a0,a1,214c <handle_reset+0x70>
    2156:	000022b7          	lui	t0,0x2
    215a:	88028293          	addi	t0,t0,-1920 # 1880 <FLASH_Unlock+0x6>
    215e:	30029073          	csrw	mstatus,t0
    2162:	428d                	li	t0,3
    2164:	80429073          	csrw	0x804,t0
    2168:	ffffe297          	auipc	t0,0xffffe
    216c:	e9828293          	addi	t0,t0,-360 # 0 <_sinit>
    2170:	0032e293          	ori	t0,t0,3
    2174:	30529073          	csrw	mtvec,t0
    2178:	c14ff0ef          	jal	ra,158c <SystemInit>
    217c:	ffffe297          	auipc	t0,0xffffe
    2180:	77428293          	addi	t0,t0,1908 # 8f0 <main>
    2184:	34129073          	csrw	mepc,t0
    2188:	30200073          	mret

0000218c <printchar>:
    218c:	1141                	addi	sp,sp,-16
    218e:	c606                	sw	ra,12(sp)
    2190:	c02e                	sw	a1,0(sp)
    2192:	cd0d                	beqz	a0,21cc <printchar+0x40>
    2194:	4118                	lw	a4,0(a0)
    2196:	87aa                	mv	a5,a0
    2198:	c305                	beqz	a4,21b8 <printchar+0x2c>
    219a:	4158                	lw	a4,4(a0)
    219c:	557d                	li	a0,-1
    219e:	cb11                	beqz	a4,21b2 <printchar+0x26>
    21a0:	4685                	li	a3,1
    21a2:	00d71b63          	bne	a4,a3,21b8 <printchar+0x2c>
    21a6:	4798                	lw	a4,8(a5)
    21a8:	00070023          	sb	zero,0(a4)
    21ac:	0007a223          	sw	zero,4(a5)
    21b0:	4505                	li	a0,1
    21b2:	40b2                	lw	ra,12(sp)
    21b4:	0141                	addi	sp,sp,16
    21b6:	8082                	ret
    21b8:	4798                	lw	a4,8(a5)
    21ba:	4682                	lw	a3,0(sp)
    21bc:	a314                	sb	a3,0(a4)
    21be:	4798                	lw	a4,8(a5)
    21c0:	0705                	addi	a4,a4,1
    21c2:	c798                	sw	a4,8(a5)
    21c4:	43d8                	lw	a4,4(a5)
    21c6:	177d                	addi	a4,a4,-1
    21c8:	c3d8                	sw	a4,4(a5)
    21ca:	b7dd                	j	21b0 <printchar+0x24>
    21cc:	4605                	li	a2,1
    21ce:	858a                	mv	a1,sp
    21d0:	ebbff0ef          	jal	ra,208a <_write>
    21d4:	bff1                	j	21b0 <printchar+0x24>

000021d6 <prints>:
    21d6:	1101                	addi	sp,sp,-32
    21d8:	cc22                	sw	s0,24(sp)
    21da:	c22e                	sw	a1,4(sp)
    21dc:	ce06                	sw	ra,28(sp)
    21de:	ca26                	sw	s1,20(sp)
    21e0:	842a                	mv	s0,a0
    21e2:	4781                	li	a5,0
    21e4:	02000593          	li	a1,32
    21e8:	02064563          	bltz	a2,2212 <prints+0x3c>
    21ec:	4592                	lw	a1,4(sp)
    21ee:	95be                	add	a1,a1,a5
    21f0:	00058583          	lb	a1,0(a1)
    21f4:	e58d                	bnez	a1,221e <prints+0x48>
    21f6:	02c7d863          	bge	a5,a2,2226 <prints+0x50>
    21fa:	02e7d463          	bge	a5,a4,2222 <prints+0x4c>
    21fe:	8e19                	sub	a2,a2,a4
    2200:	02000513          	li	a0,32
    2204:	0026f593          	andi	a1,a3,2
    2208:	c02a                	sw	a0,0(sp)
    220a:	c589                	beqz	a1,2214 <prints+0x3e>
    220c:	e701                	bnez	a4,2214 <prints+0x3e>
    220e:	03000593          	li	a1,48
    2212:	c02e                	sw	a1,0(sp)
    2214:	8a85                	andi	a3,a3,1
    2216:	4481                	li	s1,0
    2218:	ea9d                	bnez	a3,224e <prints+0x78>
    221a:	84b2                	mv	s1,a2
    221c:	a015                	j	2240 <prints+0x6a>
    221e:	0785                	addi	a5,a5,1
    2220:	b7f1                	j	21ec <prints+0x16>
    2222:	8e1d                	sub	a2,a2,a5
    2224:	bff1                	j	2200 <prints+0x2a>
    2226:	4601                	li	a2,0
    2228:	bfe1                	j	2200 <prints+0x2a>
    222a:	4582                	lw	a1,0(sp)
    222c:	8522                	mv	a0,s0
    222e:	c83a                	sw	a4,16(sp)
    2230:	c632                	sw	a2,12(sp)
    2232:	c43e                	sw	a5,8(sp)
    2234:	f59ff0ef          	jal	ra,218c <printchar>
    2238:	47a2                	lw	a5,8(sp)
    223a:	4632                	lw	a2,12(sp)
    223c:	4742                	lw	a4,16(sp)
    223e:	14fd                	addi	s1,s1,-1
    2240:	fe9045e3          	bgtz	s1,222a <prints+0x54>
    2244:	84b2                	mv	s1,a2
    2246:	00065363          	bgez	a2,224c <prints+0x76>
    224a:	4481                	li	s1,0
    224c:	8e05                	sub	a2,a2,s1
    224e:	02e7c763          	blt	a5,a4,227c <prints+0xa6>
    2252:	87a6                	mv	a5,s1
    2254:	4692                	lw	a3,4(sp)
    2256:	40978733          	sub	a4,a5,s1
    225a:	9736                	add	a4,a4,a3
    225c:	00070583          	lb	a1,0(a4)
    2260:	ed9d                	bnez	a1,229e <prints+0xc8>
    2262:	84b2                	mv	s1,a2
    2264:	04904663          	bgtz	s1,22b0 <prints+0xda>
    2268:	00065363          	bgez	a2,226e <prints+0x98>
    226c:	4601                	li	a2,0
    226e:	40f2                	lw	ra,28(sp)
    2270:	4462                	lw	s0,24(sp)
    2272:	44d2                	lw	s1,20(sp)
    2274:	00f60533          	add	a0,a2,a5
    2278:	6105                	addi	sp,sp,32
    227a:	8082                	ret
    227c:	8f1d                	sub	a4,a4,a5
    227e:	87ba                	mv	a5,a4
    2280:	03000593          	li	a1,48
    2284:	8522                	mv	a0,s0
    2286:	c832                	sw	a2,16(sp)
    2288:	c63e                	sw	a5,12(sp)
    228a:	c43a                	sw	a4,8(sp)
    228c:	f01ff0ef          	jal	ra,218c <printchar>
    2290:	47b2                	lw	a5,12(sp)
    2292:	4722                	lw	a4,8(sp)
    2294:	4642                	lw	a2,16(sp)
    2296:	17fd                	addi	a5,a5,-1
    2298:	f7e5                	bnez	a5,2280 <prints+0xaa>
    229a:	94ba                	add	s1,s1,a4
    229c:	bf5d                	j	2252 <prints+0x7c>
    229e:	8522                	mv	a0,s0
    22a0:	c632                	sw	a2,12(sp)
    22a2:	c43e                	sw	a5,8(sp)
    22a4:	ee9ff0ef          	jal	ra,218c <printchar>
    22a8:	47a2                	lw	a5,8(sp)
    22aa:	4632                	lw	a2,12(sp)
    22ac:	0785                	addi	a5,a5,1
    22ae:	b75d                	j	2254 <prints+0x7e>
    22b0:	4582                	lw	a1,0(sp)
    22b2:	8522                	mv	a0,s0
    22b4:	c432                	sw	a2,8(sp)
    22b6:	c23e                	sw	a5,4(sp)
    22b8:	ed5ff0ef          	jal	ra,218c <printchar>
    22bc:	14fd                	addi	s1,s1,-1
    22be:	4622                	lw	a2,8(sp)
    22c0:	4792                	lw	a5,4(sp)
    22c2:	b74d                	j	2264 <prints+0x8e>

000022c4 <printInt>:
    22c4:	7139                	addi	sp,sp,-64
    22c6:	de06                	sw	ra,60(sp)
    22c8:	dc22                	sw	s0,56(sp)
    22ca:	da26                	sw	s1,52(sp)
    22cc:	c23e                	sw	a5,4(sp)
    22ce:	8332                	mv	t1,a2
    22d0:	863a                	mv	a2,a4
    22d2:	ed91                	bnez	a1,22ee <printInt+0x2a>
    22d4:	4692                	lw	a3,4(sp)
    22d6:	03000793          	li	a5,48
    22da:	4701                	li	a4,0
    22dc:	086c                	addi	a1,sp,28
    22de:	86fc                	sh	a5,28(sp)
    22e0:	ef7ff0ef          	jal	ra,21d6 <prints>
    22e4:	50f2                	lw	ra,60(sp)
    22e6:	5462                	lw	s0,56(sp)
    22e8:	54d2                	lw	s1,52(sp)
    22ea:	6121                	addi	sp,sp,64
    22ec:	8082                	ret
    22ee:	84aa                	mv	s1,a0
    22f0:	8436                	mv	s0,a3
    22f2:	87ae                	mv	a5,a1
    22f4:	ca91                	beqz	a3,2308 <printInt+0x44>
    22f6:	4729                	li	a4,10
    22f8:	4401                	li	s0,0
    22fa:	00e31763          	bne	t1,a4,2308 <printInt+0x44>
    22fe:	0005d563          	bgez	a1,2308 <printInt+0x44>
    2302:	40b007b3          	neg	a5,a1
    2306:	4405                	li	s0,1
    2308:	4686                	lw	a3,64(sp)
    230a:	020109a3          	sb	zero,51(sp)
    230e:	03310713          	addi	a4,sp,51
    2312:	fc668693          	addi	a3,a3,-58
    2316:	c436                	sw	a3,8(sp)
    2318:	859a                	mv	a1,t1
    231a:	853e                	mv	a0,a5
    231c:	ca32                	sw	a2,20(sp)
    231e:	c83a                	sw	a4,16(sp)
    2320:	c61a                	sw	t1,12(sp)
    2322:	c03e                	sw	a5,0(sp)
    2324:	de9fd0ef          	jal	ra,10c <__umodsi3>
    2328:	46a5                	li	a3,9
    232a:	4782                	lw	a5,0(sp)
    232c:	4332                	lw	t1,12(sp)
    232e:	4742                	lw	a4,16(sp)
    2330:	4652                	lw	a2,20(sp)
    2332:	00a6d463          	bge	a3,a0,233a <printInt+0x76>
    2336:	46a2                	lw	a3,8(sp)
    2338:	9536                	add	a0,a0,a3
    233a:	03050513          	addi	a0,a0,48
    233e:	fff70693          	addi	a3,a4,-1
    2342:	fea70fa3          	sb	a0,-1(a4)
    2346:	859a                	mv	a1,t1
    2348:	853e                	mv	a0,a5
    234a:	cc32                	sw	a2,24(sp)
    234c:	ca3a                	sw	a4,20(sp)
    234e:	c81a                	sw	t1,16(sp)
    2350:	c63e                	sw	a5,12(sp)
    2352:	c036                	sw	a3,0(sp)
    2354:	d8dfd0ef          	jal	ra,e0 <__udivsi3>
    2358:	47b2                	lw	a5,12(sp)
    235a:	4342                	lw	t1,16(sp)
    235c:	4752                	lw	a4,20(sp)
    235e:	4662                	lw	a2,24(sp)
    2360:	0467fd63          	bgeu	a5,t1,23ba <printInt+0xf6>
    2364:	cc09                	beqz	s0,237e <printInt+0xba>
    2366:	ce29                	beqz	a2,23c0 <printInt+0xfc>
    2368:	4792                	lw	a5,4(sp)
    236a:	8b89                	andi	a5,a5,2
    236c:	cbb1                	beqz	a5,23c0 <printInt+0xfc>
    236e:	02d00593          	li	a1,45
    2372:	8526                	mv	a0,s1
    2374:	c432                	sw	a2,8(sp)
    2376:	e17ff0ef          	jal	ra,218c <printchar>
    237a:	4622                	lw	a2,8(sp)
    237c:	167d                	addi	a2,a2,-1
    237e:	4792                	lw	a5,4(sp)
    2380:	8b91                	andi	a5,a5,4
    2382:	c785                	beqz	a5,23aa <printInt+0xe6>
    2384:	4706                	lw	a4,64(sp)
    2386:	06100793          	li	a5,97
    238a:	c432                	sw	a2,8(sp)
    238c:	03000593          	li	a1,48
    2390:	8526                	mv	a0,s1
    2392:	04f71163          	bne	a4,a5,23d4 <printInt+0x110>
    2396:	df7ff0ef          	jal	ra,218c <printchar>
    239a:	07800593          	li	a1,120
    239e:	8526                	mv	a0,s1
    23a0:	dedff0ef          	jal	ra,218c <printchar>
    23a4:	4622                	lw	a2,8(sp)
    23a6:	0409                	addi	s0,s0,2
    23a8:	1679                	addi	a2,a2,-2
    23aa:	4716                	lw	a4,68(sp)
    23ac:	4692                	lw	a3,4(sp)
    23ae:	4582                	lw	a1,0(sp)
    23b0:	8526                	mv	a0,s1
    23b2:	e25ff0ef          	jal	ra,21d6 <prints>
    23b6:	9522                	add	a0,a0,s0
    23b8:	b735                	j	22e4 <printInt+0x20>
    23ba:	87aa                	mv	a5,a0
    23bc:	4702                	lw	a4,0(sp)
    23be:	bfa9                	j	2318 <printInt+0x54>
    23c0:	4682                	lw	a3,0(sp)
    23c2:	02d00793          	li	a5,45
    23c6:	4401                	li	s0,0
    23c8:	fef68fa3          	sb	a5,-1(a3)
    23cc:	ffe70793          	addi	a5,a4,-2
    23d0:	c03e                	sw	a5,0(sp)
    23d2:	b775                	j	237e <printInt+0xba>
    23d4:	db9ff0ef          	jal	ra,218c <printchar>
    23d8:	05800593          	li	a1,88
    23dc:	b7c9                	j	239e <printInt+0xda>

000023de <printLongLongInt>:
    23de:	4501                	li	a0,0
    23e0:	8082                	ret

000023e2 <printDouble>:
    23e2:	4501                	li	a0,0
    23e4:	8082                	ret

000023e6 <print>:
    23e6:	fd810113          	addi	sp,sp,-40
    23ea:	d022                	sw	s0,32(sp)
    23ec:	ce26                	sw	s1,28(sp)
    23ee:	d206                	sw	ra,36(sp)
    23f0:	c42a                	sw	a0,8(sp)
    23f2:	82ae                	mv	t0,a1
    23f4:	8432                	mv	s0,a2
    23f6:	c602                	sw	zero,12(sp)
    23f8:	4481                	li	s1,0
    23fa:	00028583          	lb	a1,0(t0)
    23fe:	ed91                	bnez	a1,241a <print+0x34>
    2400:	47a2                	lw	a5,8(sp)
    2402:	c789                	beqz	a5,240c <print+0x26>
    2404:	4581                	li	a1,0
    2406:	853e                	mv	a0,a5
    2408:	d85ff0ef          	jal	ra,218c <printchar>
    240c:	5092                	lw	ra,36(sp)
    240e:	5402                	lw	s0,32(sp)
    2410:	8526                	mv	a0,s1
    2412:	44f2                	lw	s1,28(sp)
    2414:	02810113          	addi	sp,sp,40
    2418:	8082                	ret
    241a:	02500793          	li	a5,37
    241e:	00f58963          	beq	a1,a5,2430 <print+0x4a>
    2422:	4522                	lw	a0,8(sp)
    2424:	c816                	sw	t0,16(sp)
    2426:	0485                	addi	s1,s1,1
    2428:	d65ff0ef          	jal	ra,218c <printchar>
    242c:	42c2                	lw	t0,16(sp)
    242e:	a005                	j	244e <print+0x68>
    2430:	00128783          	lb	a5,1(t0)
    2434:	00128713          	addi	a4,t0,1
    2438:	00b79d63          	bne	a5,a1,2452 <print+0x6c>
    243c:	4522                	lw	a0,8(sp)
    243e:	02500593          	li	a1,37
    2442:	c83a                	sw	a4,16(sp)
    2444:	d49ff0ef          	jal	ra,218c <printchar>
    2448:	4742                	lw	a4,16(sp)
    244a:	0485                	addi	s1,s1,1
    244c:	82ba                	mv	t0,a4
    244e:	0285                	addi	t0,t0,1
    2450:	b76d                	j	23fa <print+0x14>
    2452:	d7dd                	beqz	a5,2400 <print+0x1a>
    2454:	02b00693          	li	a3,43
    2458:	04d78963          	beq	a5,a3,24aa <print+0xc4>
    245c:	00f6c863          	blt	a3,a5,246c <print+0x86>
    2460:	02300693          	li	a3,35
    2464:	04d78663          	beq	a5,a3,24b0 <print+0xca>
    2468:	4781                	li	a5,0
    246a:	a005                	j	248a <print+0xa4>
    246c:	02d00693          	li	a3,45
    2470:	00d78a63          	beq	a5,a3,2484 <print+0x9e>
    2474:	03000693          	li	a3,48
    2478:	fed798e3          	bne	a5,a3,2468 <print+0x82>
    247c:	00228713          	addi	a4,t0,2
    2480:	4789                	li	a5,2
    2482:	a021                	j	248a <print+0xa4>
    2484:	00228713          	addi	a4,t0,2
    2488:	4785                	li	a5,1
    248a:	00070683          	lb	a3,0(a4)
    248e:	02b00613          	li	a2,43
    2492:	04c68363          	beq	a3,a2,24d8 <print+0xf2>
    2496:	02d64163          	blt	a2,a3,24b8 <print+0xd2>
    249a:	02300613          	li	a2,35
    249e:	02c68b63          	beq	a3,a2,24d4 <print+0xee>
    24a2:	82ba                	mv	t0,a4
    24a4:	4501                	li	a0,0
    24a6:	46a5                	li	a3,9
    24a8:	a081                	j	24e8 <print+0x102>
    24aa:	00228713          	addi	a4,t0,2
    24ae:	bf6d                	j	2468 <print+0x82>
    24b0:	00228713          	addi	a4,t0,2
    24b4:	4791                	li	a5,4
    24b6:	bfd1                	j	248a <print+0xa4>
    24b8:	02d00613          	li	a2,45
    24bc:	00c68963          	beq	a3,a2,24ce <print+0xe8>
    24c0:	03000613          	li	a2,48
    24c4:	fcc69fe3          	bne	a3,a2,24a2 <print+0xbc>
    24c8:	0027e793          	ori	a5,a5,2
    24cc:	a031                	j	24d8 <print+0xf2>
    24ce:	0705                	addi	a4,a4,1
    24d0:	4785                	li	a5,1
    24d2:	bfc1                	j	24a2 <print+0xbc>
    24d4:	0047e793          	ori	a5,a5,4
    24d8:	0705                	addi	a4,a4,1
    24da:	b7e1                	j	24a2 <print+0xbc>
    24dc:	00251613          	slli	a2,a0,0x2
    24e0:	9532                	add	a0,a0,a2
    24e2:	0506                	slli	a0,a0,0x1
    24e4:	953a                	add	a0,a0,a4
    24e6:	0285                	addi	t0,t0,1
    24e8:	00028603          	lb	a2,0(t0)
    24ec:	fd060713          	addi	a4,a2,-48
    24f0:	0ff77593          	andi	a1,a4,255
    24f4:	feb6f4e3          	bgeu	a3,a1,24dc <print+0xf6>
    24f8:	02e00713          	li	a4,46
    24fc:	4699                	li	a3,6
    24fe:	00e61e63          	bne	a2,a4,251a <print+0x134>
    2502:	0285                	addi	t0,t0,1
    2504:	4681                	li	a3,0
    2506:	45a5                	li	a1,9
    2508:	00028603          	lb	a2,0(t0)
    250c:	fd060613          	addi	a2,a2,-48
    2510:	0ff67713          	andi	a4,a2,255
    2514:	02e5f563          	bgeu	a1,a4,253e <print+0x158>
    2518:	c636                	sw	a3,12(sp)
    251a:	00028703          	lb	a4,0(t0)
    251e:	06a00613          	li	a2,106
    2522:	0ac70d63          	beq	a4,a2,25dc <print+0x1f6>
    2526:	02e64363          	blt	a2,a4,254c <print+0x166>
    252a:	04c00613          	li	a2,76
    252e:	0ac70763          	beq	a4,a2,25dc <print+0x1f6>
    2532:	06800613          	li	a2,104
    2536:	08c70c63          	beq	a4,a2,25ce <print+0x1e8>
    253a:	4581                	li	a1,0
    253c:	a82d                	j	2576 <print+0x190>
    253e:	00269713          	slli	a4,a3,0x2
    2542:	96ba                	add	a3,a3,a4
    2544:	0686                	slli	a3,a3,0x1
    2546:	96b2                	add	a3,a3,a2
    2548:	0285                	addi	t0,t0,1
    254a:	bf7d                	j	2508 <print+0x122>
    254c:	07400613          	li	a2,116
    2550:	08c70663          	beq	a4,a2,25dc <print+0x1f6>
    2554:	07a00613          	li	a2,122
    2558:	08c70263          	beq	a4,a2,25dc <print+0x1f6>
    255c:	06c00613          	li	a2,108
    2560:	4581                	li	a1,0
    2562:	00c71a63          	bne	a4,a2,2576 <print+0x190>
    2566:	00128603          	lb	a2,1(t0)
    256a:	458d                	li	a1,3
    256c:	00e61463          	bne	a2,a4,2574 <print+0x18e>
    2570:	0285                	addi	t0,t0,1
    2572:	4591                	li	a1,4
    2574:	0285                	addi	t0,t0,1
    2576:	00028603          	lb	a2,0(t0)
    257a:	06000393          	li	t2,96
    257e:	06100713          	li	a4,97
    2582:	00c3c463          	blt	t2,a2,258a <print+0x1a4>
    2586:	04100713          	li	a4,65
    258a:	06700393          	li	t2,103
    258e:	06c3c463          	blt	t2,a2,25f6 <print+0x210>
    2592:	06500393          	li	t2,101
    2596:	18765663          	bge	a2,t2,2722 <print+0x33c>
    259a:	04700393          	li	t2,71
    259e:	04c3c163          	blt	t2,a2,25e0 <print+0x1fa>
    25a2:	04500593          	li	a1,69
    25a6:	16b65e63          	bge	a2,a1,2722 <print+0x33c>
    25aa:	04300713          	li	a4,67
    25ae:	eae610e3          	bne	a2,a4,244e <print+0x68>
    25b2:	4018                	lw	a4,0(s0)
    25b4:	00440393          	addi	t2,s0,4
    25b8:	ca16                	sw	t0,20(sp)
    25ba:	00e10c23          	sb	a4,24(sp)
    25be:	c81e                	sw	t2,16(sp)
    25c0:	00010ca3          	sb	zero,25(sp)
    25c4:	4701                	li	a4,0
    25c6:	86be                	mv	a3,a5
    25c8:	862a                	mv	a2,a0
    25ca:	082c                	addi	a1,sp,24
    25cc:	a849                	j	265e <print+0x278>
    25ce:	00128603          	lb	a2,1(t0)
    25d2:	4581                	li	a1,0
    25d4:	fae611e3          	bne	a2,a4,2576 <print+0x190>
    25d8:	0289                	addi	t0,t0,2
    25da:	bf71                	j	2576 <print+0x190>
    25dc:	0285                	addi	t0,t0,1
    25de:	bfb1                	j	253a <print+0x154>
    25e0:	06300693          	li	a3,99
    25e4:	fcd607e3          	beq	a2,a3,25b2 <print+0x1cc>
    25e8:	06c6cf63          	blt	a3,a2,2666 <print+0x280>
    25ec:	05800693          	li	a3,88
    25f0:	02d60363          	beq	a2,a3,2616 <print+0x230>
    25f4:	bda9                	j	244e <print+0x68>
    25f6:	07300693          	li	a3,115
    25fa:	04d60463          	beq	a2,a3,2642 <print+0x25c>
    25fe:	02c6cb63          	blt	a3,a2,2634 <print+0x24e>
    2602:	06f00693          	li	a3,111
    2606:	0ed60563          	beq	a2,a3,26f0 <print+0x30a>
    260a:	07000693          	li	a3,112
    260e:	0047e793          	ori	a5,a5,4
    2612:	e2d61ee3          	bne	a2,a3,244e <print+0x68>
    2616:	4691                	li	a3,4
    2618:	0cd59263          	bne	a1,a3,26dc <print+0x2f6>
    261c:	00840393          	addi	t2,s0,8
    2620:	400c                	lw	a1,0(s0)
    2622:	4050                	lw	a2,4(s0)
    2624:	ca16                	sw	t0,20(sp)
    2626:	c23a                	sw	a4,4(sp)
    2628:	c03e                	sw	a5,0(sp)
    262a:	c81e                	sw	t2,16(sp)
    262c:	87aa                	mv	a5,a0
    262e:	4701                	li	a4,0
    2630:	46c1                	li	a3,16
    2632:	a881                	j	2682 <print+0x29c>
    2634:	07500693          	li	a3,117
    2638:	06d60b63          	beq	a2,a3,26ae <print+0x2c8>
    263c:	07800693          	li	a3,120
    2640:	bf45                	j	25f0 <print+0x20a>
    2642:	4018                	lw	a4,0(s0)
    2644:	000036b7          	lui	a3,0x3
    2648:	00440393          	addi	t2,s0,4
    264c:	a3868593          	addi	a1,a3,-1480 # 2a38 <puts+0x2ce>
    2650:	c311                	beqz	a4,2654 <print+0x26e>
    2652:	85ba                	mv	a1,a4
    2654:	4732                	lw	a4,12(sp)
    2656:	ca16                	sw	t0,20(sp)
    2658:	c81e                	sw	t2,16(sp)
    265a:	86be                	mv	a3,a5
    265c:	862a                	mv	a2,a0
    265e:	4522                	lw	a0,8(sp)
    2660:	b77ff0ef          	jal	ra,21d6 <prints>
    2664:	a015                	j	2688 <print+0x2a2>
    2666:	4691                	li	a3,4
    2668:	02d59563          	bne	a1,a3,2692 <print+0x2ac>
    266c:	00840393          	addi	t2,s0,8
    2670:	400c                	lw	a1,0(s0)
    2672:	4050                	lw	a2,4(s0)
    2674:	ca16                	sw	t0,20(sp)
    2676:	c23a                	sw	a4,4(sp)
    2678:	c03e                	sw	a5,0(sp)
    267a:	c81e                	sw	t2,16(sp)
    267c:	87aa                	mv	a5,a0
    267e:	4705                	li	a4,1
    2680:	46a9                	li	a3,10
    2682:	4522                	lw	a0,8(sp)
    2684:	d5bff0ef          	jal	ra,23de <printLongLongInt>
    2688:	43c2                	lw	t2,16(sp)
    268a:	94aa                	add	s1,s1,a0
    268c:	841e                	mv	s0,t2
    268e:	42d2                	lw	t0,20(sp)
    2690:	bb7d                	j	244e <print+0x68>
    2692:	46b2                	lw	a3,12(sp)
    2694:	400c                	lw	a1,0(s0)
    2696:	c816                	sw	t0,16(sp)
    2698:	c236                	sw	a3,4(sp)
    269a:	c03a                	sw	a4,0(sp)
    269c:	0411                	addi	s0,s0,4
    269e:	872a                	mv	a4,a0
    26a0:	4685                	li	a3,1
    26a2:	4629                	li	a2,10
    26a4:	4522                	lw	a0,8(sp)
    26a6:	c1fff0ef          	jal	ra,22c4 <printInt>
    26aa:	94aa                	add	s1,s1,a0
    26ac:	b341                	j	242c <print+0x46>
    26ae:	4691                	li	a3,4
    26b0:	00d59d63          	bne	a1,a3,26ca <print+0x2e4>
    26b4:	00840393          	addi	t2,s0,8
    26b8:	400c                	lw	a1,0(s0)
    26ba:	4050                	lw	a2,4(s0)
    26bc:	ca16                	sw	t0,20(sp)
    26be:	c23a                	sw	a4,4(sp)
    26c0:	c03e                	sw	a5,0(sp)
    26c2:	c81e                	sw	t2,16(sp)
    26c4:	87aa                	mv	a5,a0
    26c6:	4701                	li	a4,0
    26c8:	bf65                	j	2680 <print+0x29a>
    26ca:	46b2                	lw	a3,12(sp)
    26cc:	400c                	lw	a1,0(s0)
    26ce:	c816                	sw	t0,16(sp)
    26d0:	c236                	sw	a3,4(sp)
    26d2:	c03a                	sw	a4,0(sp)
    26d4:	0411                	addi	s0,s0,4
    26d6:	872a                	mv	a4,a0
    26d8:	4681                	li	a3,0
    26da:	b7e1                	j	26a2 <print+0x2bc>
    26dc:	46b2                	lw	a3,12(sp)
    26de:	c816                	sw	t0,16(sp)
    26e0:	400c                	lw	a1,0(s0)
    26e2:	4641                	li	a2,16
    26e4:	c236                	sw	a3,4(sp)
    26e6:	c03a                	sw	a4,0(sp)
    26e8:	0411                	addi	s0,s0,4
    26ea:	872a                	mv	a4,a0
    26ec:	4681                	li	a3,0
    26ee:	bf5d                	j	26a4 <print+0x2be>
    26f0:	4691                	li	a3,4
    26f2:	00d59e63          	bne	a1,a3,270e <print+0x328>
    26f6:	00840393          	addi	t2,s0,8
    26fa:	400c                	lw	a1,0(s0)
    26fc:	4050                	lw	a2,4(s0)
    26fe:	ca16                	sw	t0,20(sp)
    2700:	c23a                	sw	a4,4(sp)
    2702:	c03e                	sw	a5,0(sp)
    2704:	c81e                	sw	t2,16(sp)
    2706:	87aa                	mv	a5,a0
    2708:	4701                	li	a4,0
    270a:	46a1                	li	a3,8
    270c:	bf9d                	j	2682 <print+0x29c>
    270e:	46b2                	lw	a3,12(sp)
    2710:	400c                	lw	a1,0(s0)
    2712:	c816                	sw	t0,16(sp)
    2714:	c236                	sw	a3,4(sp)
    2716:	c03a                	sw	a4,0(sp)
    2718:	0411                	addi	s0,s0,4
    271a:	872a                	mv	a4,a0
    271c:	4681                	li	a3,0
    271e:	4621                	li	a2,8
    2720:	b751                	j	26a4 <print+0x2be>
    2722:	400c                	lw	a1,0(s0)
    2724:	00840613          	addi	a2,s0,8
    2728:	4040                	lw	s0,4(s0)
    272a:	c23a                	sw	a4,4(sp)
    272c:	872a                	mv	a4,a0
    272e:	4522                	lw	a0,8(sp)
    2730:	c832                	sw	a2,16(sp)
    2732:	c03e                	sw	a5,0(sp)
    2734:	8622                	mv	a2,s0
    2736:	87b6                	mv	a5,a3
    2738:	46a9                	li	a3,10
    273a:	ca16                	sw	t0,20(sp)
    273c:	ca7ff0ef          	jal	ra,23e2 <printDouble>
    2740:	94aa                	add	s1,s1,a0
    2742:	4442                	lw	s0,16(sp)
    2744:	b7a9                	j	268e <print+0x2a8>

00002746 <printf>:
    2746:	fdc10113          	addi	sp,sp,-36
    274a:	c82e                	sw	a1,16(sp)
    274c:	ca32                	sw	a2,20(sp)
    274e:	85aa                	mv	a1,a0
    2750:	0810                	addi	a2,sp,16
    2752:	4501                	li	a0,0
    2754:	c606                	sw	ra,12(sp)
    2756:	cc36                	sw	a3,24(sp)
    2758:	ce3a                	sw	a4,28(sp)
    275a:	d03e                	sw	a5,32(sp)
    275c:	c032                	sw	a2,0(sp)
    275e:	c89ff0ef          	jal	ra,23e6 <print>
    2762:	40b2                	lw	ra,12(sp)
    2764:	02410113          	addi	sp,sp,36
    2768:	8082                	ret

0000276a <puts>:
    276a:	1141                	addi	sp,sp,-16
    276c:	c422                	sw	s0,8(sp)
    276e:	c226                	sw	s1,4(sp)
    2770:	c606                	sw	ra,12(sp)
    2772:	211c                	lbu	a5,0(a0)
    2774:	84aa                	mv	s1,a0
    2776:	4401                	li	s0,0
    2778:	81dc                	sb	a5,3(sp)
    277a:	00310783          	lb	a5,3(sp)
    277e:	0405                	addi	s0,s0,1
    2780:	ef99                	bnez	a5,279e <puts+0x34>
    2782:	47a9                	li	a5,10
    2784:	00310593          	addi	a1,sp,3
    2788:	4605                	li	a2,1
    278a:	4501                	li	a0,0
    278c:	81dc                	sb	a5,3(sp)
    278e:	8fdff0ef          	jal	ra,208a <_write>
    2792:	8522                	mv	a0,s0
    2794:	40b2                	lw	ra,12(sp)
    2796:	4422                	lw	s0,8(sp)
    2798:	4492                	lw	s1,4(sp)
    279a:	0141                	addi	sp,sp,16
    279c:	8082                	ret
    279e:	4605                	li	a2,1
    27a0:	00310593          	addi	a1,sp,3
    27a4:	4501                	li	a0,0
    27a6:	8e5ff0ef          	jal	ra,208a <_write>
    27aa:	008487b3          	add	a5,s1,s0
    27ae:	239c                	lbu	a5,0(a5)
    27b0:	81dc                	sb	a5,3(sp)
    27b2:	b7e1                	j	277a <puts+0x10>
    27b4:	6148                	flw	fa0,4(a0)
    27b6:	6472                	flw	fs0,28(sp)
    27b8:	6146                	flw	ft2,80(sp)
    27ba:	6c75                	lui	s8,0x1d
    27bc:	5f74                	lw	a3,124(a4)
    27be:	6148                	flw	fa0,4(a0)
    27c0:	646e                	flw	fs0,216(sp)
    27c2:	656c                	flw	fa1,76(a0)
    27c4:	0d72                	slli	s10,s10,0x1c
    27c6:	0000                	unimp
    27c8:	4d4e                	lw	s10,208(sp)
    27ca:	5f49                	li	t5,-14
    27cc:	6148                	flw	fa0,4(a0)
    27ce:	646e                	flw	fs0,216(sp)
    27d0:	656c                	flw	fa1,76(a0)
    27d2:	0d72                	slli	s10,s10,0x1c
    27d4:	0000                	unimp
    27d6:	0000                	unimp
    27d8:	0ad6                	slli	s5,s5,0x15
    27da:	0000                	unimp
    27dc:	0ade                	slli	s5,s5,0x17
    27de:	0000                	unimp
    27e0:	0c26                	slli	s8,s8,0x9
    27e2:	0000                	unimp
    27e4:	0af4                	addi	a3,sp,348
    27e6:	0000                	unimp
    27e8:	0ba4                	addi	s1,sp,472
    27ea:	0000                	unimp
    27ec:	0c22                	slli	s8,s8,0x8
    27ee:	0000                	unimp
    27f0:	0ba8                	addi	a0,sp,472
    27f2:	0000                	unimp
    27f4:	0bde                	slli	s7,s7,0x17
    27f6:	0000                	unimp
    27f8:	0be2                	slli	s7,s7,0x18
    27fa:	0000                	unimp
    27fc:	0c22                	slli	s8,s8,0x8
    27fe:	0000                	unimp
    2800:	0c2a                	slli	s8,s8,0xa
    2802:	0000                	unimp
    2804:	0c3a                	slli	s8,s8,0xe
    2806:	0000                	unimp
    2808:	0c70                	addi	a2,sp,540
    280a:	0000                	unimp
    280c:	0c76                	slli	s8,s8,0x1d
    280e:	0000                	unimp
    2810:	0caa                	slli	s9,s9,0xa
    2812:	0000                	unimp
    2814:	522e                	lw	tp,232(sp)
    2816:	4145                	li	sp,17
    2818:	2044                	lbu	s1,4(s0)
    281a:	464e4f43          	fmadd.q	ft10,ft8,ft4,fs0,rmm
    281e:	4749                	li	a4,18
    2820:	5020                	lw	s0,96(s0)
    2822:	7265776f          	jal	a4,59f48 <_data_lma+0x57500>
    2826:	0000                	unimp
    2828:	6f50                	flw	fa2,28(a4)
    282a:	00726577          	0x726577
    282e:	0000                	unimp
    2830:	522e                	lw	tp,232(sp)
    2832:	4145                	li	sp,17
    2834:	2044                	lbu	s1,4(s0)
    2836:	464e4f43          	fmadd.q	ft10,ft8,ft4,fs0,rmm
    283a:	4749                	li	a4,18
    283c:	4220                	lw	s0,64(a2)
    283e:	74736f6f          	jal	t5,39784 <_data_lma+0x36d3c>
    2842:	4520                	lw	s0,72(a0)
    2844:	616e                	flw	ft2,216(sp)
    2846:	6c62                	flw	fs8,24(sp)
    2848:	0065                	c.nop	25
    284a:	0000                	unimp
    284c:	6f42                	flw	ft10,16(sp)
    284e:	2074736f          	jal	t1,4a254 <_data_lma+0x4780c>
    2852:	6e45                	lui	t3,0x11
    2854:	6261                	lui	tp,0x18
    2856:	656c                	flw	fa1,76(a0)
    2858:	0000                	unimp
    285a:	0000                	unimp
    285c:	522e                	lw	tp,232(sp)
    285e:	4145                	li	sp,17
    2860:	2044                	lbu	s1,4(s0)
    2862:	464e4f43          	fmadd.q	ft10,ft8,ft4,fs0,rmm
    2866:	4749                	li	a4,18
    2868:	4220                	lw	s0,64(a2)
    286a:	74736f6f          	jal	t5,397b0 <_data_lma+0x36d68>
    286e:	5020                	lw	s0,96(s0)
    2870:	7265776f          	jal	a4,59f96 <_data_lma+0x5754e>
    2874:	0000                	unimp
    2876:	0000                	unimp
    2878:	6f42                	flw	ft10,16(sp)
    287a:	2074736f          	jal	t1,4a280 <_data_lma+0x47838>
    287e:	6f50                	flw	fa2,28(a4)
    2880:	00726577          	0x726577
    2884:	522e                	lw	tp,232(sp)
    2886:	4145                	li	sp,17
    2888:	2044                	lbu	s1,4(s0)
    288a:	464e4f43          	fmadd.q	ft10,ft8,ft4,fs0,rmm
    288e:	4749                	li	a4,18
    2890:	4220                	lw	s0,64(a2)
    2892:	74736f6f          	jal	t5,397d8 <_data_lma+0x36d90>
    2896:	5420                	lw	s0,104(s0)
    2898:	6d69                	lui	s10,0x1a
    289a:	0065                	c.nop	25
    289c:	6f42                	flw	ft10,16(sp)
    289e:	2074736f          	jal	t1,4a2a4 <_data_lma+0x4785c>
    28a2:	6954                	flw	fa3,20(a0)
    28a4:	656d                	lui	a0,0x1b
    28a6:	0000                	unimp
    28a8:	97d0                	0x97d0
    28aa:	b0d0                	sb	a2,5(s1)
    28ac:	81d1                	srli	a1,a1,0x14
    28ae:	bdd0                	sb	a2,29(a1)
    28b0:	83d1                	srli	a5,a5,0x14
    28b2:	bbd0                	sb	a2,21(a5)
    28b4:	b8d0                	sb	a2,21(s1)
    28b6:	000d                	c.nop	3
    28b8:	9fd0                	0x9fd0
    28ba:	80d1                	srli	s1,s1,0x14
    28bc:	bed0                	sb	a2,29(a3)
    28be:	81d1                	srli	a1,a1,0x14
    28c0:	bdd0                	sb	a2,29(a1)
    28c2:	83d1                	srli	a5,a5,0x14
    28c4:	bbd0                	sb	a2,21(a5)
    28c6:	b8d0                	sb	a2,21(s1)
    28c8:	81d1                	srli	a1,a1,0x14
    28ca:	8cd1                	or	s1,s1,a2
    28cc:	000d                	c.nop	3
    28ce:	0000                	unimp
    28d0:	0a0d                	addi	s4,s4,3
    28d2:	2d2d                	jal	2f0c <_data_lma+0x4c4>
    28d4:	2d2d                	jal	2f0e <_data_lma+0x4c6>
    28d6:	2d2d                	jal	2f10 <_data_lma+0x4c8>
    28d8:	2d2d                	jal	2f12 <_data_lma+0x4ca>
    28da:	2d2d                	jal	2f14 <_data_lma+0x4cc>
    28dc:	2d2d                	jal	2f16 <_data_lma+0x4ce>
    28de:	2d2d                	jal	2f18 <_data_lma+0x4d0>
    28e0:	2d2d                	jal	2f1a <_data_lma+0x4d2>
    28e2:	2d2d                	jal	2f1c <_data_lma+0x4d4>
    28e4:	2d2d                	jal	2f1e <_data_lma+0x4d6>
    28e6:	2d2d                	jal	2f20 <_data_lma+0x4d8>
    28e8:	2d2d                	jal	2f22 <_data_lma+0x4da>
    28ea:	2d2d                	jal	2f24 <_data_lma+0x4dc>
    28ec:	2d2d                	jal	2f26 <_data_lma+0x4de>
    28ee:	2d2d                	jal	2f28 <_data_lma+0x4e0>
    28f0:	2d2d                	jal	2f2a <_data_lma+0x4e2>
    28f2:	2d2d                	jal	2f2c <_data_lma+0x4e4>
    28f4:	2d2d                	jal	2f2e <_data_lma+0x4e6>
    28f6:	2d2d                	jal	2f30 <_data_lma+0x4e8>
    28f8:	0d2d                	addi	s10,s10,11
    28fa:	0000                	unimp
    28fc:	9fd0                	0x9fd0
    28fe:	80d1                	srli	s1,s1,0x14
    2900:	b8d0                	sb	a2,21(s1)
    2902:	b2d0                	sb	a2,5(a3)
    2904:	b5d0                	sb	a2,13(a1)
    2906:	82d1                	srli	a3,a3,0x14
    2908:	5320                	lw	s0,96(a4)
    290a:	7379                	lui	t1,0xffffe
    290c:	6574                	flw	fa3,76(a0)
    290e:	436d                	li	t1,27
    2910:	6b6c                	flw	fa1,84(a4)
    2912:	253a                	lhu	a4,10(a0)
    2914:	0d64                	addi	s1,sp,668
    2916:	000a                	c.slli	zero,0x2
    2918:	464e4f43          	fmadd.q	ft10,ft8,ft4,fs0,rmm
    291c:	4749                	li	a4,18
    291e:	5020                	lw	s0,96(s0)
    2920:	7265776f          	jal	a4,5a046 <_data_lma+0x575fe>
    2924:	2020                	lbu	s0,2(s0)
    2926:	2020                	lbu	s0,2(s0)
    2928:	2020                	lbu	s0,2(s0)
    292a:	2020                	lbu	s0,2(s0)
    292c:	203a                	lhu	a4,2(s0)
    292e:	6425                	lui	s0,0x9
    2930:	2520                	lbu	s0,10(a0)
    2932:	0d25                	addi	s10,s10,9
    2934:	000a                	c.slli	zero,0x2
    2936:	0000                	unimp
    2938:	464e4f43          	fmadd.q	ft10,ft8,ft4,fs0,rmm
    293c:	4749                	li	a4,18
    293e:	4220                	lw	s0,64(a2)
    2940:	74736f6f          	jal	t5,39886 <_data_lma+0x36e3e>
    2944:	4520                	lw	s0,72(a0)
    2946:	616e                	flw	ft2,216(sp)
    2948:	6c62                	flw	fs8,24(sp)
    294a:	2065                	jal	29f2 <puts+0x288>
    294c:	203a                	lhu	a4,2(s0)
    294e:	6425                	lui	s0,0x9
    2950:	0a0d                	addi	s4,s4,3
    2952:	0000                	unimp
    2954:	464e4f43          	fmadd.q	ft10,ft8,ft4,fs0,rmm
    2958:	4749                	li	a4,18
    295a:	4220                	lw	s0,64(a2)
    295c:	74736f6f          	jal	t5,398a2 <_data_lma+0x36e5a>
    2960:	5020                	lw	s0,96(s0)
    2962:	7265776f          	jal	a4,5a088 <_data_lma+0x57640>
    2966:	2020                	lbu	s0,2(s0)
    2968:	3a20                	lbu	s0,19(a2)
    296a:	2520                	lbu	s0,10(a0)
    296c:	2064                	lbu	s1,6(s0)
    296e:	2525                	jal	2f96 <_data_lma+0x54e>
    2970:	0a0d                	addi	s4,s4,3
    2972:	0000                	unimp
    2974:	464e4f43          	fmadd.q	ft10,ft8,ft4,fs0,rmm
    2978:	4749                	li	a4,18
    297a:	4220                	lw	s0,64(a2)
    297c:	74736f6f          	jal	t5,398c2 <_data_lma+0x36e7a>
    2980:	5420                	lw	s0,104(s0)
    2982:	6d69                	lui	s10,0x1a
    2984:	2065                	jal	2a2c <puts+0x2c2>
    2986:	2020                	lbu	s0,2(s0)
    2988:	203a                	lhu	a4,2(s0)
    298a:	6425                	lui	s0,0x9
    298c:	6d20                	flw	fs0,88(a0)
    298e:	000a0d73          	0xa0d73
    2992:	0000                	unimp
    2994:	2e2e6f47          	fmsub.q	ft10,ft8,ft2,ft5,unknown
    2998:	0d2e                	slli	s10,s10,0xb
    299a:	0000                	unimp
    299c:	616c                	flw	fa1,68(a0)
    299e:	44417473          	csrrci	s0,0x444,2
    29a2:	6c615643          	0x6c615643
    29a6:	6575                	lui	a0,0x1d
    29a8:	2520                	lbu	s0,10(a0)
    29aa:	0064                	addi	s1,sp,12
    29ac:	63696c43          	fmadd.d	fs8,fs2,fs6,fa2,unknown
    29b0:	203a736b          	0x203a736b
    29b4:	6425                	lui	s0,0x9
    29b6:	0a0d                	addi	s4,s4,3
    29b8:	0000                	unimp
    29ba:	0000                	unimp
    29bc:	65726353          	0x65726353
    29c0:	6e65                	lui	t3,0x19
    29c2:	6f42                	flw	ft10,16(sp)
    29c4:	5074736f          	jal	t1,4a6ca <_data_lma+0x47c82>
    29c8:	7265776f          	jal	a4,5a0ee <_data_lma+0x576a6>
    29cc:	0000                	unimp
    29ce:	0000                	unimp
    29d0:	65726353          	0x65726353
    29d4:	6e65                	lui	t3,0x19
    29d6:	6f42                	flw	ft10,16(sp)
    29d8:	5474736f          	jal	t1,4a71e <_data_lma+0x47cd6>
    29dc:	6d69                	lui	s10,0x1a
    29de:	0065                	c.nop	25
    29e0:	6f48                	flw	fa0,28(a4)
    29e2:	646c                	flw	fa1,76(s0)
    29e4:	0000                	unimp
    29e6:	0000                	unimp
    29e8:	63696c43          	fmadd.d	fs8,fs2,fs6,fa2,unknown
    29ec:	00000d6b          	0xd6b
    29f0:	7325                	lui	t1,0xfffe9
    29f2:	4320                	lw	s0,64(a4)
    29f4:	696c                	flw	fa1,84(a0)
    29f6:	3a736b63          	bltu	t1,t2,2dac <_data_lma+0x364>
    29fa:	2520                	lbu	s0,10(a0)
    29fc:	0d64                	addi	s1,sp,668
    29fe:	000a                	c.slli	zero,0x2
    2a00:	43202b2b          	0x43202b2b
    2a04:	696c                	flw	fa1,84(a0)
    2a06:	3a736b63          	bltu	t1,t2,2dbc <_data_lma+0x374>
    2a0a:	2520                	lbu	s0,10(a0)
    2a0c:	2064                	lbu	s1,6(s0)
    2a0e:	6d69                	lui	s10,0x1a
    2a10:	3a70                	lbu	a2,23(a2)
    2a12:	6425                	lui	s0,0x9
    2a14:	0a0d                	addi	s4,s4,3
    2a16:	0000                	unimp
    2a18:	2d2d                	jal	3052 <_data_lma+0x60a>
    2a1a:	4320                	lw	s0,64(a4)
    2a1c:	696c                	flw	fa1,84(a0)
    2a1e:	3a736b63          	bltu	t1,t2,2dd4 <_data_lma+0x38c>
    2a22:	2520                	lbu	s0,10(a0)
    2a24:	2064                	lbu	s1,6(s0)
    2a26:	6d69                	lui	s10,0x1a
    2a28:	3a70                	lbu	a2,23(a2)
    2a2a:	6425                	lui	s0,0x9
    2a2c:	0a0d                	addi	s4,s4,3
    2a2e:	0000                	unimp
    2a30:	74617453          	0x74617453
    2a34:	7375                	lui	t1,0xffffd
    2a36:	000d                	c.nop	3
    2a38:	6e28                	flw	fa0,88(a2)
    2a3a:	6c75                	lui	s8,0x1d
    2a3c:	296c                	lbu	a1,22(a0)
	...
